calles,engine,tipo_calle,caracteristica_calle,tipo_siniestro,entidad_instructora,tipo_participante,marca_participante,modelo_participante,sexo,rol,causa
DON ANSELMO AIETA,postgresql://observatorio:observatorio@10.68.4.100/feu,calle,metrobus,lesiones,pfa,automovil,ford,focus,m,peaton,lesiones
ACASSUSO,,avenida,ciclovia,homicidio,metropolitana,motocicleta,chevrolet,astra,f,conductor,homicidio
AEROLINEAS ARGENTINAS,,autopista,carril exclusivo,,gendarmeria,peaton,fiat,siena,,acompañante,
ACEVEDO,,otros,calle de convivencia,,prefectura,camion,volkswagen,gol,,pasajero,
ARMENIA,,,otros,,same,camioneta,peugeot,504,,,
"ACEVEDO, EDUARDO",,,,,hospitales,transporte de pasajeros,,,,,
"IBARBOUROU, JUANA DE",,,,,medios,bicicleta,,,,,
ACONCAGUA,,,,,pfa-same,,,,,,
"ACOSTA, MARIANO",,,,,otros,,,,,,
"ACOSTA, MARIANO AV.",,,,,,,,,,,
ACOYTE,,,,,,,,,,,
ACOYTE AV.,,,,,,,,,,,
"ACUÑA DE FIGUEROA, FRANCISCO",,,,,,,,,,,
"ACHA, MARIANO, GRAL.",,,,,,,,,,,
ACHALA,,,,,,,,,,,
ACHAVAL,,,,,,,,,,,
ACHEGA,,,,,,,,,,,
ACHIRA,,,,,,,,,,,
ACHUPALLAS,,,,,,,,,,,
AGACES,,,,,,,,,,,
"AGOTE, LUIS DR.",,,,,,,,,,,
AGOTE PEDRO,,,,,,,,,,,
AGRELO,,,,,,,,,,,
"AGUADO, ALEJANDRO M. DE",,,,,,,,,,,
AGUARIBAY,,,,,,,,,,,
AGUAS BUENAS,,,,,,,,,,,
AGUERO,,,,,,,,,,,
AGUILAR,,,,,,,,,,,
AGUIRRE,,,,,,,,,,,
"AGUIRRE, JULIAN",,,,,,,,,,,
AIZPURUA,,,,,,,,,,,
ALAGON,,,,,,,,,,,
ALBANIA,,,,,,,,,,,
ALBARELLOS AV.,,,,,,,,,,,
ALBARIÑO,,,,,,,,,,,
ALBARRACIN,,,,,,,,,,,
"ALBARRACIN DE SARMIENTO, PAULA",,,,,,,,,,,
"ALBERDI, JUAN BAUTISTA AV.",,,,,,,,,,,
ALBERTI,,,,,,,,,,,
ALCARAZ,,,,,,,,,,,
"ALCORTA, AMANCIO AV.",,,,,,,,,,,
"ALEM, LEANDRO N. AV.",,,,,,,,,,,
ALEMANIA,,,,,,,,,,,
ALFARERO,,,,,,,,,,,
ALGARROBO,,,,,,,,,,,
ALICANTE,,,,,,,,,,,
ALMAFUERTE AV.,,,,,,,,,,,
ALMAGRO,,,,,,,,,,,
"ALMEIRA, HILARIO DE",,,,,,,,,,,
ALPATACAL,,,,,,,,,,,
"ALSINA, ADOLFO",,,,,,,,,,,
"ALSINA, VALENTIN AV.",,,,,,,,,,,
ALTA GRACIA,,,,,,,,,,,
ALTOLAGUIRRE,,,,,,,,,,,
ALVAR NUÑEZ,,,,,,,,,,,
ALVARADO,,,,,,,,,,,
"PALACIOS, ALFREDO L.",,,,,,,,,,,
"ALVAREZ, AGUSTIN",,,,,,,,,,,
"ALVAREZ, CRISOSTOMO",,,,,,,,,,,
"ALVAREZ DE ACEVEDO, TOMAS",,,,,,,,,,,
"ALVAREZ, DONATO, TTE. GRAL.",,,,,,,,,,,
"ALVAREZ, DONATO, TTE. GRAL. AV.",,,,,,,,,,,
COMBATIENTES DE MALVINAS AV.,,,,,,,,,,,
ALVAREZ JONTE,,,,,,,,,,,
ALVAREZ JONTE AV.,,,,,,,,,,,
"ALVAREZ, JULIAN",,,,,,,,,,,
"ALVAREZ PRADO, MANUEL",,,,,,,,,,,
ALVAREZ THOMAS AV.,,,,,,,,,,,
ALVEAR,,,,,,,,,,,
ALVEAR AV.,,,,,,,,,,,
"ALVEAR, EMILIO, DE",,,,,,,,,,,
"ALVEAR, MARCELO T. DE",,,,,,,,,,,
ALZAGA,,,,,,,,,,,
ALLENDE,,,,,,,,,,,
AMALIA,,,,,,,,,,,
AMAMBAY,,,,,,,,,,,
AMANCAY,,,,,,,,,,,
"LOPEZ ANAUT, PEDRO, DR.",,,,,,,,,,,
AMBERES,,,,,,,,,,,
"AMBROSETTI, JUAN B.",,,,,,,,,,,
"AMEGHINO, FLORENTINO, DR.",,,,,,,,,,,
AMENABAR,,,,,,,,,,,
"PAINE, AIME",,,,,,,,,,,
AMPERE,,,,,,,,,,,
AMSTERDAM,,,,,,,,,,,
ANCASTE,,,,,,,,,,,
ANCON,,,,,,,,,,,
"ANCHORENA, TOMAS MANUEL DE, DR.",,,,,,,,,,,
ANCHORIS,,,,,,,,,,,
ANDALGALA,,,,,,,,,,,
ANDALUCIA,,,,,,,,,,,
ANDONAEGUI,,,,,,,,,,,
ANDORRA,,,,,,,,,,,
"ANDRADE, OLEGARIO, V.",,,,,,,,,,,
ANGACO,,,,,,,,,,,
ANKARA,,,,,,,,,,,
ANTARTIDA ARGENTINA AV.,,,,,,,,,,,
ANTEQUERA,,,,,,,,,,,
ANTEZANA,,,,,,,,,,,
ANTOFAGASTA,,,,,,,,,,,
AÑASCO,,,,,,,,,,,
"REPETTO, NICOLAS, DR.",,,,,,,,,,,
APULE,,,,,,,,,,,
AQUINO,,,,,,,,,,,
"ARANGUREN, JUAN F., DR.",,,,,,,,,,,
ARAOZ,,,,,,,,,,,
"ARATA, PEDRO N.",,,,,,,,,,,
ARAUJO,,,,,,,,,,,
ARCAMENDIA,,,,,,,,,,,
ARCE,,,,,,,,,,,
"ARCE, MANUEL",,,,,,,,,,,
JUANA DE ARCO,,,,,,,,,,,
ARCOS,,,,,,,,,,,
"ARENAL, CONCEPCION",,,,,,,,,,,
ARENALES,,,,,,,,,,,
ARENGREEN,,,,,,,,,,,
CANGALLO,,,,,,,,,,,
AREVALO,,,,,,,,,,,
ARGAÑARAS,,,,,,,,,,,
ARGELIA,,,,,,,,,,,
ARGENTINA AV.,,,,,,,,,,,
ARGERICH,,,,,,,,,,,
ARIAS,,,,,,,,,,,
ARIEL,,,,,,,,,,,
ARISMENDI,,,,,,,,,,,
ARIZONA,,,,,,,,,,,
ARJONILLA,,,,,,,,,,,
AROMA,,,,,,,,,,,
AROMO,,,,,,,,,,,
ARQUIMEDES,,,,,,,,,,,
"ARREDONDO, VIRREY",,,,,,,,,,,
ARREGUI,,,,,,,,,,,
ARREGUI AV.,,,,,,,,,,,
ARRIBEÑOS,,,,,,,,,,,
MALASIA,,,,,,,,,,,
ARRIOLA,,,,,,,,,,,
ARROTEA,,,,,,,,,,,
ARROYO,,,,,,,,,,,
"ARTIGAS, JOSE GERVASIO, GRAL.",,,,,,,,,,,
ARTIGAS MANUEL DE,,,,,,,,,,,
ARTILLEROS,,,,,,,,,,,
ASAMBLEA AV.,,,,,,,,,,,
ASCASUBI,,,,,,,,,,,
ASIA,,,,,,,,,,,
ASUNCION,,,,,,,,,,,
ATACALCO,,,,,,,,,,,
ATAHUALPA,,,,,,,,,,,
ATENAS,,,,,,,,,,,
"ROBBIANI, ANGEL DR.",,,,,,,,,,,
ATUEL,,,,,,,,,,,
AUSTRALIA AV.,,,,,,,,,,,
"QUINQUELA MARTIN, BENITO",,,,,,,,,,,
AUSTRIA,,,,,,,,,,,
AVALOS,,,,,,,,,,,
AVALLE,,,,,,,,,,,
AVELLANEDA,,,,,,,,,,,
AVELLANEDA AV.,,,,,,,,,,,
"AVILES, VIRREY",,,,,,,,,,,
AYACUCHO,,,,,,,,,,,
AYOLAS,,,,,,,,,,,
AYUI,,,,,,,,,,,
AZARA,,,,,,,,,,,
AZCUENAGA,,,,,,,,,,,
"AZCUENAGA, DOMINGO DE",,,,,,,,,,,
AZOPARDO,,,,,,,,,,,
AZUL,,,,,,,,,,,
AZURDUY JUANA,,,,,,,,,,,
"ARGUIBEL, ANDRES",,,,,,,,,,,
"ACHAVAL RODRIGUEZ, T., DR. AV.",,,,,,,,,,,
"AROLAS, EDUARDO",,,,,,,,,,,
PJE (F.F.DE LA CRUZ 5200),,,,,,,,,,,
ANASAGASTI,,,,,,,,,,,
"ARAOZ ALFARO, GREGORIO, DR",,,,,,,,,,,
PJE (LARRAZABAL 4700),,,,,,,,,,,
PJE (AV. ROCA 5100),,,,,,,,,,,
"ARAOZ DE LAMADRID, GREGORIO, GRAL.",,,,,,,,,,,
CALIFORNIA,,,,,,,,,,,
18 DE OCTUBRE DE 1908,,,,,,,,,,,
"AUBAIN, TEODORO DR.",,,,,,,,,,,
ASTURIAS AV.,,,,,,,,,,,
PJE (AV. ROCA 5400),,,,,,,,,,,
DE LA MISERICORDIA,,,,,,,,,,,
VALLE PJE. PARTICULAR (ALT. ARGERICH 500),,,,,,,,,,,
PACINI DE ALVEAR REGINA,,,,,,,,,,,
SIN NOMBRE OFICIAL (ALT. GURRUCHAGA 1900),,,,,,,,,,,
"BIBILONI, JUAN A.",,,,,,,,,,,
BACACAY,,,,,,,,,,,
BACACAY AV.,,,,,,,,,,,
"BACLE, CESAR H.",,,,,,,,,,,
BACON,,,,,,,,,,,
"BACH, JUAN SEBASTIAN",,,,,,,,,,,
BAEZ,,,,,,,,,,,
BAHÍA,,,,,,,,,,,
BAHIA BLANCA,,,,,,,,,,,
BAIGORRI,,,,,,,,,,,
BAIGORRIA,,,,,,,,,,,
BALBASTRO,,,,,,,,,,,
"BALBIN, JOSE CELEDONIO",,,,,,,,,,,
BALBOA,,,,,,,,,,,
BALCARCE,,,,,,,,,,,
"BALCARCE, FLORENCIO",,,,,,,,,,,
"BALDRICH, JUAN A. DE, CNEL.",,,,,,,,,,,
"BALTORE, JOSE R.",,,,,,,,,,,
BALLIVIAN,,,,,,,,,,,
BARADERO,,,,,,,,,,,
BARAGAÑA,,,,,,,,,,,
BARCALA,,,,,,,,,,,
BARCELONA,,,,,,,,,,,
BARZANA,,,,,,,,,,,
"BARILARI, ATILIO S., ALTE.",,,,,,,,,,,
BARILOCHE,,,,,,,,,,,
BARRAGAN,,,,,,,,,,,
BARRIENTOS,,,,,,,,,,,
"BARROS PAZOS, JOSE",,,,,,,,,,,
BASAVILBASO,,,,,,,,,,,
"BASAVILBASO, LEOPOLDO",,,,,,,,,,,
BASUALDO,,,,,,,,,,,
"BATEMAN, J. F.",,,,,,,,,,,
BATHURST,,,,,,,,,,,
BAUNESS,,,,,,,,,,,
"BAUZA, FRANCISCO",,,,,,,,,,,
"BAVIO, ERNESTO A.",,,,,,,,,,,
BAZURCO,,,,,,,,,,,
BEAUCHEF,,,,,,,,,,,
BEAZLEY,,,,,,,,,,,
"BECHER, EMILIO",,,,,,,,,,,
"BEDOYA, ELIAS",,,,,,,,,,,
BEETHOVEN,,,,,,,,,,,
BEHRING,,,,,,,,,,,
"BEIRO, FRANCISCO AV.",,,,,,,,,,,
"BELAUSTEGUI, LUIS, DR.",,,,,,,,,,,
BELEN,,,,,,,,,,,
BELFAST,,,,,,,,,,,
BELGICA,,,,,,,,,,,
BELGRADO,,,,,,,,,,,
BELGRANO,,,,,,,,,,,
BELGRANO AV.,,,,,,,,,,,
BELL VILLE,,,,,,,,,,,
BELLA VISTA,,,,,,,,,,,
FRAY LUIS BELTRAN,,,,,,,,,,,
"BENIELLI, CARLOS J.",,,,,,,,,,,
"BERG, CARLOS",,,,,,,,,,,
BERLIN,,,,,,,,,,,
BERMEJO,,,,,,,,,,,
BERMUDEZ,,,,,,,,,,,
"BERMUDEZ, ANTONIO",,,,,,,,,,,
"BERMUDEZ, JORGE",,,,,,,,,,,
BERNA,,,,,,,,,,,
BERNAL,,,,,,,,,,,
BERNALDES,,,,,,,,,,,
"BERNARDI, CONSCRIPTO",,,,,,,,,,,
BERON DE ASTRADA,,,,,,,,,,,
"BERRO, ADOLFO AV.",,,,,,,,,,,
BERTHELOT,,,,,,,,,,,
BERTRES,,,,,,,,,,,
BERUTI,,,,,,,,,,,
"BERUTI, ARTURO",,,,,,,,,,,
BESARES,,,,,,,,,,,
"BETBEDER, ONOFRE, ALTE.",,,,,,,,,,,
BEYROUTH,,,,,,,,,,,
BIALET MASSE,,,,,,,,,,,
"BIANCHI, ANDRES",,,,,,,,,,,
BIARRITZ,,,,,,,,,,,
"BIDEGAIN, PEDRO",,,,,,,,,,,
"BIEDMA, JOSE JUAN",,,,,,,,,,,
"BILBAO, FRANCISCO",,,,,,,,,,,
"BILBAO, FRANCISCO AV.",,,,,,,,,,,
"SUAREZ, JUSTO ANTONIO",,,,,,,,,,,
BILLINGHURST,,,,,,,,,,,
BLANCO ENCALADA,,,,,,,,,,,
BLANDENGUES,,,,,,,,,,,
"BLANES, JUAN MANUEL",,,,,,,,,,,
"BOCAYUVA, QUINTINO",,,,,,,,,,,
BOEDO,,,,,,,,,,,
BOEDO AV.,,,,,,,,,,,
"BOERI, JUAN A.",,,,,,,,,,,
BOGADO,,,,,,,,,,,
BOGOTA,,,,,,,,,,,
BOLAÑOS,,,,,,,,,,,
BOLIVAR,,,,,,,,,,,
ESTADO PLURINACIONAL DE BOLIVIA,,,,,,,,,,,
BOLONIA,,,,,,,,,,,
BOLLINI,,,,,,,,,,,
BOMBAY,,,,,,,,,,,
"BONIFACIO, JOSE",,,,,,,,,,,
"BONORINO, ESTEBAN, CNEL. AV.",,,,,,,,,,,
"BONORINO, MARTINIANO",,,,,,,,,,,
BONPLAND,,,,,,,,,,,
BOQUERON,,,,,,,,,,,
"BOSCH, VENTURA",,,,,,,,,,,
BOSTON,,,,,,,,,,,
BOUCHARD,,,,,,,,,,,
BOULOGNE SUR MER,,,,,,,,,,,
BOYACA,,,,,,,,,,,
BOYACA AV.,,,,,,,,,,,
BRAGADO,,,,,,,,,,,
"BRAILLE, LUIS",,,,,,,,,,,
BRANDSEN,,,,,,,,,,,
BRASIL,,,,,,,,,,,
BRASIL AV.,,,,,,,,,,,
BRAVARD,,,,,,,,,,,
"BRAVO, MARIO",,,,,,,,,,,
"BRIN, MINISTRO",,,,,,,,,,,
"BROWN, ALTE. AV.",,,,,,,,,,,
"BROWN, FRANK",,,,,,,,,,,
BRUIX AV.,,,,,,,,,,,
"BRUNO, GIORDANO",,,,,,,,,,,
BRUSELAS,,,,,,,,,,,
"BUFANO, ALFREDO R.",,,,,,,,,,,
BUCARELLI,,,,,,,,,,,
BUCAREST,,,,,,,,,,,
BURGOS,,,,,,,,,,,
BUDAPEST,,,,,,,,,,,
BUERAS,,,,,,,,,,,
BULGARIA,,,,,,,,,,,
BULNES,,,,,,,,,,,
"BULLRICH, INT. AV.",,,,,,,,,,,
"BUNGE, INT.",,,,,,,,,,,
BURELA,,,,,,,,,,,
"BURMEISTER, GERMAN AV.",,,,,,,,,,,
"BUSCHIAZZO, JUAN A.",,,,,,,,,,,
"BUSTILLO, JOSE M., GRAL.",,,,,,,,,,,
BUTTELER,,,,,,,,,,,
BYNON,,,,,,,,,,,
BYRON,,,,,,,,,,,
"BELLO, ANDRES",,,,,,,,,,,
BETHLEM,,,,,,,,,,,
"CARRILLO, RAMON, DR.",,,,,,,,,,,
BARCA CABO DE HORNOS,,,,,,,,,,,
BERGANTIN GOLETA ESPORA,,,,,,,,,,,
BERGANTIN GENERAL BELGRANO,,,,,,,,,,,
BERGANTIN GENERAL BALCARCE,,,,,,,,,,,
"BRAUN MENENDEZ, EDUARDO, DR.",,,,,,,,,,,
"BERMEJO, ANTONIO DR.",,,,,,,,,,,
"ZONZA BRIANO, PEDRO",,,,,,,,,,,
"BALANDRA, CARMEN",,,,,,,,,,,
BERGANTIN NANCY,,,,,,,,,,,
BERGANTIN ECHAGUE,,,,,,,,,,,
BERGANTIN VIGILANTE,,,,,,,,,,,
BERGANTIN CONGRESO NACIONAL,,,,,,,,,,,
BANCHS ENRIQUE,,,,,,,,,,,
"BORCHES, JOSE",,,,,,,,,,,
"BORDABEHERE, ENZO",,,,,,,,,,,
CAAGUAZU,,,,,,,,,,,
CABALLITO,,,,,,,,,,,
CABELLO,,,,,,,,,,,
"CABEZON, JOSE LEON",,,,,,,,,,,
CABILDO AV.,,,,,,,,,,,
CABOT,,,,,,,,,,,
"CABRAL, SGTO.",,,,,,,,,,,
"CABRER, CNEL.",,,,,,,,,,,
"CABRERA, JOSE A.",,,,,,,,,,,
CACIQUE,,,,,,,,,,,
CACHEUTA,,,,,,,,,,,
CACHI,,,,,,,,,,,
CACHIMAYO,,,,,,,,,,,
CADIZ,,,,,,,,,,,
CAFAYATE,,,,,,,,,,,
"CAFFARENA, AGUSTIN R.",,,,,,,,,,,
"CAFFERATA, FRANCISCO",,,,,,,,,,,
CAGLIARI,,,,,,,,,,,
"CALAZA, JOSE MARIA",,,,,,,,,,,
CALCENA,,,,,,,,,,,
CALDAS,,,,,,,,,,,
CALDEN,,,,,,,,,,,
"CALDERON DE LA BARCA, PEDRO",,,,,,,,,,,
CALFUCURA,,,,,,,,,,,
"CAPDEVILA, ARTURO",,,,,,,,,,,
CALINGASTA,,,,,,,,,,,
"CALOU, JUAN P.",,,,,,,,,,,
"CALVO, CARLOS",,,,,,,,,,,
"CALVO, CARLOS AV.",,,,,,,,,,,
"CALZADILLA, SANTIAGO",,,,,,,,,,,
CALLAO AV.,,,,,,,,,,,
CAMACUA,,,,,,,,,,,
CAMARGO,,,,,,,,,,,
CAMARONES,,,,,,,,,,,
"CAMBIESES, EUSTAQUIO",,,,,,,,,,,
CAMINITO,,,,,,,,,,,
"CAMINO, MIGUEL ANDRÉS",,,,,,,,,,,
CAMOATI,,,,,,,,,,,
CAMPANA,,,,,,,,,,,
CAMPICHUELO,,,,,,,,,,,
"MARECHAL, LEOPOLDO",,,,,,,,,,,
CAMPILLO,,,,,,,,,,,
"CAMPOS, GASPAR",,,,,,,,,,,
"CAMPOS, LUIS M. AV.",,,,,,,,,,,
CAMPOS SALLES,,,,,,,,,,,
CANADA,,,,,,,,,,,
PADRE CANAVERY,,,,,,,,,,,
CANDELARIA,,,,,,,,,,,
"CANE, MIGUEL",,,,,,,,,,,
"PERON, JUAN DOMINGO, TTE. GENERAL",,,,,,,,,,,
CANGAYE,,,,,,,,,,,
CANTILO,,,,,,,,,,,
"CANTILO, INT.",,,,,,,,,,,
"COLECTORA CANTILO, INT.",,,,,,,,,,,
"SOLANO LOPEZ, F., MARISCAL",,,,,,,,,,,
CAÑADA DE GOMEZ,,,,,,,,,,,
CAÑUELAS,,,,,,,,,,,
CAPDEVILA,,,,,,,,,,,
CAPERUCITA,,,,,,,,,,,
CARABELAS,,,,,,,,,,,
CARABOBO AV.,,,,,,,,,,,
COREA AV.,,,,,,,,,,,
CARACAS,,,,,,,,,,,
CARANDAY,,,,,,,,,,,
CARAPACHAY,,,,,,,,,,,
CARBAJAL,,,,,,,,,,,
"CARBALLIDO, JOSE E.",,,,,,,,,,,
"CARBONARI, FRANCISCO, CMTE.",,,,,,,,,,,
"CARCANO, RAMON J.",,,,,,,,,,,
"CARDENAS, CNEL. AV.",,,,,,,,,,,
CARDOSO,,,,,,,,,,,
CARHUE,,,,,,,,,,,
CARICANCHA,,,,,,,,,,,
CAROYA,,,,,,,,,,,
"CARRANZA, ANGEL JUSTINIANO",,,,,,,,,,,
"CARRANZA, ADOLFO P.",,,,,,,,,,,
"CARRANZA, CARLOS",,,,,,,,,,,
CARRASCO AV.,,,,,,,,,,,
"CARRIEGO, EVARISTO",,,,,,,,,,,
"TROILO, ANIBAL",,,,,,,,,,,
CASACUBERTA,,,,,,,,,,,
CASAFOUST,,,,,,,,,,,
CASARES AV.,,,,,,,,,,,
CASCO,,,,,,,,,,,
"CASCO, HORACIO, DR.",,,,,,,,,,,
CASEROS AV.,,,,,,,,,,,
CASTAÑARES AV.,,,,,,,,,,,
CASTAÑEDA,,,,,,,,,,,
CASTAÑON,,,,,,,,,,,
"CASTELAR, EMILIO",,,,,,,,,,,
"CASTELLANOS, JOAQUIN",,,,,,,,,,,
CASTELLI,,,,,,,,,,,
CASTEX,,,,,,,,,,,
"CASTILLA, RAMON, MARISCAL",,,,,,,,,,,
CASTILLO,,,,,,,,,,,
CASTRO,,,,,,,,,,,
CASTRO BARROS,,,,,,,,,,,
CASTRO BARROS AV.,,,,,,,,,,,
"CASTRO, EMILIO",,,,,,,,,,,
"CASTRO, EMILIO AV.",,,,,,,,,,,
"CASTRO, JUAN DE",,,,,,,,,,,
CATAMARCA,,,,,,,,,,,
CATANIA,,,,,,,,,,,
14 DE JULIO,,,,,,,,,,,
CATRIEL,,,,,,,,,,,
CAVIA,,,,,,,,,,,
CAJARAVILLA,,,,,,,,,,,
CAYASTA,,,,,,,,,,,
FRAY CAYETANO RODRIGUEZ,,,,,,,,,,,
CENTENARIO,,,,,,,,,,,
BARCO CENTENERA DEL,,,,,,,,,,,
BARCO CENTENERA DEL AV.,,,,,,,,,,,
ZENTENO,,,,,,,,,,,
"CEPEDA Y AHUMADA, RODRIGO DE",,,,,,,,,,,
CERETTI,,,,,,,,,,,
"CERRI, DANIEL, GRAL.",,,,,,,,,,,
CERRILLOS,,,,,,,,,,,
CERRITO,,,,,,,,,,,
CERVANTES,,,,,,,,,,,
CERVIÑO AV.,,,,,,,,,,,
CESPEDES,,,,,,,,,,,
"CEVALLOS, VIRREY",,,,,,,,,,,
CIPOLLETTI,,,,,,,,,,,
CISNE,,,,,,,,,,,
"CISNEROS, VIRREY",,,,,,,,,,,
"CITTADINI, BASILIO",,,,,,,,,,,
CIUDAD DE LA PAZ,,,,,,,,,,,
CIUDAD DE SABADELL,,,,,,,,,,,
CIUDADELA,,,,,,,,,,,
"CIVIT, EMILIO",,,,,,,,,,,
CLAY,,,,,,,,,,,
COBO AV.,,,,,,,,,,,
COCHABAMBA,,,,,,,,,,,
COCHICO,,,,,,,,,,,
COCHRANE,,,,,,,,,,,
"COGHLAN, JUAN M.",,,,,,,,,,,
COLIGUE,,,,,,,,,,,
COLIQUEO,,,,,,,,,,,
"COLMO, ALFREDO",,,,,,,,,,,
DIAZ COLODRERO,,,,,,,,,,,
COLOMBIA AV.,,,,,,,,,,,
COLOMBO LEONI EDUARDO,,,,,,,,,,,
CORRALES VIEJOS,,,,,,,,,,,
COLOMBRES,,,,,,,,,,,
COLONIA AV.,,,,,,,,,,,
COLPAYO,,,,,,,,,,,
COLUMBIA,,,,,,,,,,,
"COLLIVADINO, PIO",,,,,,,,,,,
COMBATE DE LOS POZOS,,,,,,,,,,,
CONCORDIA,,,,,,,,,,,
CONDARCO,,,,,,,,,,,
CONDE,,,,,,,,,,,
CONDOR,,,,,,,,,,,
CONESA,,,,,,,,,,,
CONGRESO,,,,,,,,,,,
CONGRESO AV.,,,,,,,,,,,
"CONI, EMILIO R., DR.",,,,,,,,,,,
CONSTANTINOPLA,,,,,,,,,,,
CONSTITUCION,,,,,,,,,,,
CONVENCION,,,,,,,,,,,
COOPERACION,,,,,,,,,,,
COPAHUE,,,,,,,,,,,
COPENHAGUE,,,,,,,,,,,
COPERNICO,,,,,,,,,,,
CORDOBA,,,,,,,,,,,
CORDOBA AV.,,,,,,,,,,,
"CORONADO, MARTIN",,,,,,,,,,,
CORONDA,,,,,,,,,,,
CORRALES,,,,,,,,,,,
CORREA,,,,,,,,,,,
"LAVAYSSE, BENJAMIN J. (EX CORREA, BENITO) (NO OFICIAL)",,,,,,,,,,,
"CORREA, GUILLERMO, DR.",,,,,,,,,,,
"CORREA MORALES, LUCIO",,,,,,,,,,,
CORREGIDORES,,,,,,,,,,,
CORRIENTES AV.,,,,,,,,,,,
"CORTEJARENA, JOSE A.",,,,,,,,,,,
"CORTES, GERONIMO",,,,,,,,,,,
CORTINA,,,,,,,,,,,
CORVALAN,,,,,,,,,,,
COSQUIN,,,,,,,,,,,
GARCIA DE COSSIO,,,,,,,,,,,
"COSTA, EDUARDO",,,,,,,,,,,
COSTA RICA,,,,,,,,,,,
COTAGAITA,,,,,,,,,,,
COTOCOLLAO,,,,,,,,,,,
"COUTO, MIGUEL",,,,,,,,,,,
"COUTURE, EDUARDO J.",,,,,,,,,,,
CRAIG,,,,,,,,,,,
CRAMER,,,,,,,,,,,
CRAMER AV.,,,,,,,,,,,
CRAINQUEVILLE,,,,,,,,,,,
CRANWELL,,,,,,,,,,,
CRESPO,,,,,,,,,,,
CRUZ DEL EJE,,,,,,,,,,,
CRUZ DEL SUD,,,,,,,,,,,
"FERNANDEZ DE LA CRUZ, F., GRAL. AV.",,,,,,,,,,,
"CRUZ, OSVALDO",,,,,,,,,,,
"CRUZ, OSVALDO AV.",,,,,,,,,,,
CUBA,,,,,,,,,,,
"CUBAS, JOSE",,,,,,,,,,,
CUCHA CUCHA,,,,,,,,,,,
"GARCIA LORCA, FEDERICO",,,,,,,,,,,
CUENCA,,,,,,,,,,,
"CUERVO, RUFINO J.",,,,,,,,,,,
CULLEN,,,,,,,,,,,
CULPINA,,,,,,,,,,,
"CUNEO, FRANCISCO",,,,,,,,,,,
"CUNNINGHAME GRAHAM, ROBERTO",,,,,,,,,,,
CURA BROCHERO,,,,,,,,,,,
CURAPALIGUE,,,,,,,,,,,
CURAPALIGUE AV.,,,,,,,,,,,
"CURIE, MARIA AV.",,,,,,,,,,,
CURITYBA,,,,,,,,,,,
CURUPAYTI,,,,,,,,,,,
CURUZU CUATIA,,,,,,,,,,,
CUYO,,,,,,,,,,,
CUZCO,,,,,,,,,,,
CHACABUCO,,,,,,,,,,,
CHACO,,,,,,,,,,,
"CHAGAS, CARLOS",,,,,,,,,,,
CHAJARI,,,,,,,,,,,
CHAMICAL,,,,,,,,,,,
CHARCAS,,,,,,,,,,,
CHARLONE,,,,,,,,,,,
CHARRUA,,,,,,,,,,,
CHASCOMUS,,,,,,,,,,,
"CHASSAING, JUAN",,,,,,,,,,,
"CHAVEZ, JORGE",,,,,,,,,,,
CHECOSLOVAQUIA,,,,,,,,,,,
"CHENAUT, INDALESIO, GRAL. AV.",,,,,,,,,,,
CHICLANA AV.,,,,,,,,,,,
CHICOANA,,,,,,,,,,,
"CHILAVERT, MARTINIANO, CORONEL",,,,,,,,,,,
CHILE,,,,,,,,,,,
CHILE AV.,,,,,,,,,,,
CHILECITO,,,,,,,,,,,
CHIMBORAZO,,,,,,,,,,,
CHINA,,,,,,,,,,,
CHIRIGUANOS,,,,,,,,,,,
CHIRIMAY,,,,,,,,,,,
CHORROARIN,,,,,,,,,,,
CHORROARIN AV.,,,,,,,,,,,
CHUBUT,,,,,,,,,,,
CHUMBICHA,,,,,,,,,,,
"CHUTRO, PEDRO, PROF., DR.",,,,,,,,,,,
CHONINO,,,,,,,,,,,
CABOTO,,,,,,,,,,,
"CASTRO, ROSALIA DE",,,,,,,,,,,
"CUTER, LUISITO",,,,,,,,,,,
CORBETA URUGUAY,,,,,,,,,,,
"PY, COMODORO AV.",,,,,,,,,,,
"CASTILLO, RAMON S., PRES. AV.",,,,,,,,,,,
"CANARD, BENJAMIN, DR.",,,,,,,,,,,
CHIVILCOY,,,,,,,,,,,
CHIVILCOY AV.,,,,,,,,,,,
CAÑONERA AMERICA,,,,,,,,,,,
CORBETA AGREABLE,,,,,,,,,,,
CORBETA BELFAST,,,,,,,,,,,
CAZADORES,,,,,,,,,,,
"COSTAMAGNA, SANTIAGO",,,,,,,,,,,
COMBATE DE SAN CARLOS,,,,,,,,,,,
"CANTILO, JOSE LUIS",,,,,,,,,,,
5 DE JULIO,,,,,,,,,,,
COMBATE DE COSTA BRAVA,,,,,,,,,,,
"COSSETTINI, OLGA",,,,,,,,,,,
CRUCERO GRAL. BELGRANO,,,,,,,,,,,
"DRESCO, ARTURO ANTONIO",,,,,,,,,,,
DAGUERRE,,,,,,,,,,,
"DAMIANOVICH, ELEODORO, DR.",,,,,,,,,,,
"D'AMICIS, EDMUNDO",,,,,,,,,,,
DANEL,,,,,,,,,,,
"DANTAS, JULIO S.",,,,,,,,,,,
DANTE,,,,,,,,,,,
DARACT AV.,,,,,,,,,,,
"DARQUIER, JUAN",,,,,,,,,,,
DARREGUEYRA,,,,,,,,,,,
"KENNEDY, JOHN FITZGERALD",,,,,,,,,,,
DARWIN,,,,,,,,,,,
DAVILA,,,,,,,,,,,
"DA VINCI, LEONARDO",,,,,,,,,,,
DEAN FUNES,,,,,,,,,,,
"DEDICO, DOMINGO, AGENTE",,,,,,,,,,,
DEFENSA,,,,,,,,,,,
DEHEZA,,,,,,,,,,,
DEKAY,,,,,,,,,,,
"CARCOVA, DE LA",,,,,,,,,,,
DE LA ECONOMIA,,,,,,,,,,,
DE LA INDUSTRIA,,,,,,,,,,,
DELAMBRE,,,,,,,,,,,
DE LA PIEDAD,,,,,,,,,,,
"PLAZA, VICTORINO DE LA, DR.",,,,,,,,,,,
RIESTRA AV.,,,,,,,,,,,
"ROBLA, JUAN F., DE LA",,,,,,,,,,,
"SALA, CANDIDO DE LA, TTE.",,,,,,,,,,,
"DEALESSI, PIERINA",,,,,,,,,,,
DE LAS ARTES,,,,,,,,,,,
"CARRERAS, SANTIAGO DE LAS",,,,,,,,,,,
DE LAS CIENCIAS,,,,,,,,,,,
DE LAS GARANTIAS,,,,,,,,,,,
DE LA TECNICA,,,,,,,,,,,
"VEGA, VENTURA DE LA",,,,,,,,,,,
DEL BAÑADO,,,,,,,,,,,
"VALLE, J.J., GRAL. DIV.",,,,,,,,,,,
DEL BUEN ORDEN,,,,,,,,,,,
DEL CAMPO AV.,,,,,,,,,,,
DEL CARMEN,,,,,,,,,,,
"CARRIL, SALVADOR MARIA DEL AV.",,,,,,,,,,,
DEL COLEGIO,,,,,,,,,,,
DEL COMERCIO,,,,,,,,,,,
DELGADO,,,,,,,,,,,
DE LOS CONSTITUYENTES AV.,,,,,,,,,,,
DE LOS CORRALES AV.,,,,,,,,,,,
DE LOS INCAS AV.,,,,,,,,,,,
DE LOS ITALIANOS AV.,,,,,,,,,,,
DEL PARQUE,,,,,,,,,,,
"PINO, VIRREY DEL",,,,,,,,,,,
DEL PROGRESO,,,,,,,,,,,
DEL SIGNO,,,,,,,,,,,
"BALBIN, RICARDO, DR. AV.",,,,,,,,,,,
DEL TEMPLE,,,,,,,,,,,
DEL TIGRE,,,,,,,,,,,
"PERON, EVA AV.",,,,,,,,,,,
"VALLE, ARISTOBULO DEL",,,,,,,,,,,
"VALLE, MARIA R. DEL",,,,,,,,,,,
"VALLE IBERLUCEA DEL, DR.",,,,,,,,,,,
"DELLEPIANE, LUIS",,,,,,,,,,,
DEMARIA,,,,,,,,,,,
"DEMARIA, ISIDORO",,,,,,,,,,,
"DEMARIA, MARIANO",,,,,,,,,,,
DE MAYO AV.,,,,,,,,,,,
DERQUI AV.,,,,,,,,,,,
DESAGUADERO,,,,,,,,,,,
DESEADO,,,,,,,,,,,
"UZAL, FRANCISCO DE",,,,,,,,,,,
"DEVOTO, FORTUNATO",,,,,,,,,,,
DIAMANTE,,,,,,,,,,,
"DIAZ, AVELINO",,,,,,,,,,,
"DIAZ, CESAR, GRAL.",,,,,,,,,,,
"DIAZ, CESAR, GRAL. AV.",,,,,,,,,,,
"DIAZ, CNEL. AV.",,,,,,,,,,,
DIAZ VELEZ AV.,,,,,,,,,,,
"DICKMAN, ADOLFO, DR.",,,,,,,,,,,
"DIEZ DE MEDINA, CLEMENTE",,,,,,,,,,,
DINAMARCA,,,,,,,,,,,
DIRECTORIO AV.,,,,,,,,,,,
DOBLAS,,,,,,,,,,,
12 DE OCTUBRE,,,,,,,,,,,
DOLORES,,,,,,,,,,,
DONADO,,,,,,,,,,,
DON BOSCO,,,,,,,,,,,
DON CRISTOBAL,,,,,,,,,,,
DONIZETTI,,,,,,,,,,,
DON SEGUNDO SOMBRA,,,,,,,,,,,
DORREGO,,,,,,,,,,,
DORREGO AV.,,,,,,,,,,,
"DRAGO, LUIS MARIA",,,,,,,,,,,
DRAGONES,,,,,,,,,,,
DRUMOND,,,,,,,,,,,
"DUARTE, JUAN PABLO",,,,,,,,,,,
DUBLIN,,,,,,,,,,,
"DUMAS, ALEJANDRO",,,,,,,,,,,
"DUMONT, SANTOS",,,,,,,,,,,
REPUBLICA DE ESLOVENIA,,,,,,,,,,,
DUPUY,,,,,,,,,,,
"RAWSON DE DELLEPIANE, ELVIRA AV.",,,,,,,,,,,
"DE SIMONE, VICENTE",,,,,,,,,,,
"DELLEPIANE, LUIS, TTE. GRAL.",,,,,,,,,,,
"D'ESPOSITO, ARNALDO",,,,,,,,,,,
"DELLA PAOLERA, CARLOS M.",,,,,,,,,,,
RAUCH,,,,,,,,,,,
"CASTILLO, JUAN DEL",,,,,,,,,,,
"MORENO, PERITO AV.",,,,,,,,,,,
"JOVELLANOS, GASPAR M. DE",,,,,,,,,,,
"CORRO, MIGUEL C. DEL, CANONIGO AV.",,,,,,,,,,,
MONROE,,,,,,,,,,,
MONROE AV.,,,,,,,,,,,
"DESCALZI, NICOLAS",,,,,,,,,,,
DE LOS INMIGRANTES AV.,,,,,,,,,,,
"DIAZ, ANA",,,,,,,,,,,
2 DE ABRIL DE 1982,,,,,,,,,,,
DE LOS OMBUES AV.,,,,,,,,,,,
"DE LA BARRA,  EMMA",,,,,,,,,,,
ECUADOR,,,,,,,,,,,
"ECHAGUE, CARLOS, ING.",,,,,,,,,,,
"CASTILLO, CATULO",,,,,,,,,,,
"ECHAGUE, PEDRO",,,,,,,,,,,
ECHAURI,,,,,,,,,,,
CONTINUACION ECHEANDIA (NO OFICIAL),,,,,,,,,,,
ECHEANDIA,,,,,,,,,,,
ECHENAGUCIA,,,,,,,,,,,
ECHEVERRIA,,,,,,,,,,,
"ECHEVARRIA, VICENTE A. DE",,,,,,,,,,,
"EDISON, TOMAS A. AV.",,,,,,,,,,,
"EGUIA, MANUEL",,,,,,,,,,,
"EGUIA, OSVALDO, DR.",,,,,,,,,,,
"EINSTEIN, ALBERTO",,,,,,,,,,,
EL ALFABETO,,,,,,,,,,,
EL ARAUCANO,,,,,,,,,,,
EL ARTESANO,,,,,,,,,,,
ELCANO,,,,,,,,,,,
ELCANO AV.,,,,,,,,,,,
EL CARDENAL,,,,,,,,,,,
EL CARPINTERO,,,,,,,,,,,
EL CEIBO,,,,,,,,,,,
EL CERRO,,,,,,,,,,,
"DUMAS, VITO",,,,,,,,,,,
EL CRIOLLO,,,,,,,,,,,
EL CHACHO,,,,,,,,,,,
EL CHASQUE,,,,,,,,,,,
EL DELTA,,,,,,,,,,,
EL DOMADOR,,,,,,,,,,,
EL FOGON,,,,,,,,,,,
EL FUERTE,,,,,,,,,,,
EL GAUCHO,,,,,,,,,,,
EL HORNERO,,,,,,,,,,,
"BONAVENA, OSCAR NATALIO",,,,,,,,,,,
ELIA,,,,,,,,,,,
"ELIZALDE, RUFINO DE",,,,,,,,,,,
"ZAZPE, VICENTE FAUSTINO MONSEÑOR",,,,,,,,,,,
EL LITORAL,,,,,,,,,,,
EL MAESTRO,,,,,,,,,,,
EL METODO,,,,,,,,,,,
EL MIRASOL,,,,,,,,,,,
EL MISIONERO,,,,,,,,,,,
EL NENE,,,,,,,,,,,
EL ÑANDU,,,,,,,,,,,
EL PAMPERO,,,,,,,,,,,
EL PEREGRINO,,,,,,,,,,,
EL PROFETA DE LA PAMPA,,,,,,,,,,,
EL QUIJOTE,,,,,,,,,,,
EL RANCHO,,,,,,,,,,,
EL RASTREADOR,,,,,,,,,,,
EL RECADO,,,,,,,,,,,
EL REFRAN,,,,,,,,,,,
EL SALVADOR,,,,,,,,,,,
EL SAUCE,,,,,,,,,,,
EL SERENO,,,,,,,,,,,
EL TALA,,,,,,,,,,,
EL TREBOL,,,,,,,,,,,
EL TROVADOR,,,,,,,,,,,
EL ZONDA,,,,,,,,,,,
EL ZORZAL,,,,,,,,,,,
EMPEDRADO,,,,,,,,,,,
"ENCINA, CARLOS",,,,,,,,,,,
ENSENADA,,,,,,,,,,,
ENTRE RIOS AV.,,,,,,,,,,,
EPECUEN,,,,,,,,,,,
EPUYEN,,,,,,,,,,,
ERASMO,,,,,,,,,,,
ERCILLA,,,,,,,,,,,
EREZCANO,,,,,,,,,,,
EREZCANO AV.,,,,,,,,,,,
ESCALADA AV.,,,,,,,,,,,
"ESCALADA, CELEDONIO CMTE.",,,,,,,,,,,
"ESCALADA DE SAN MARTIN, R.",,,,,,,,,,,
ESCOBAR,,,,,,,,,,,
ESCRIBANO,,,,,,,,,,,
ESMERALDA,,,,,,,,,,,
ESNAOLA,,,,,,,,,,,
ESPAÑA AV.,,,,,,,,,,,
ESPARTACO,,,,,,,,,,,
"ESPEJO, GERONIMO, GRAL.",,,,,,,,,,,
ESPINILLO,,,,,,,,,,,
"CORTAZAR, JULIO",,,,,,,,,,,
ESPINOSA,,,,,,,,,,,
ARZOBISPO ESPINOSA,,,,,,,,,,,
ESPRONCEDA,,,,,,,,,,,
ESQUEL,,,,,,,,,,,
ESQUINA,,,,,,,,,,,
ESQUIU,,,,,,,,,,,
ESTADO DE ISRAEL AV.,,,,,,,,,,,
ESTADOS UNIDOS,,,,,,,,,,,
ESTERO BELLACO,,,,,,,,,,,
ESTEVES SAGUI,,,,,,,,,,,
"ESTEVEZ, JOSE, ING.",,,,,,,,,,,
ESTIVAO,,,,,,,,,,,
ESTOCOLMO,,,,,,,,,,,
ESTOMBA,,,,,,,,,,,
ESTONIA,,,,,,,,,,,
ESTRADA,,,,,,,,,,,
"ESTRADA, JUEZ",,,,,,,,,,,
ESTRELLA FEDERAL,,,,,,,,,,,
EUCLIDES,,,,,,,,,,,
EZEIZA,,,,,,,,,,,
"EZEIZA, GABINO",,,,,,,,,,,
ESPARZA,,,,,,,,,,,
"DE MOUSSY, MARTIN",,,,,,,,,,,
"EYLE, PETRONA",,,,,,,,,,,
"EZCURRA, ENCARNACION",,,,,,,,,,,
FABRE,,,,,,,,,,,
FACUNDO,,,,,,,,,,,
"FADER, FERNANDO",,,,,,,,,,,
"FAGNANO, JOSE AV.",,,,,,,,,,,
PADRE FAHY,,,,,,,,,,,
"FALCON, RAMON L.,CNEL.",,,,,,,,,,,
"FALCON, RAMON L.,CNEL. AV.",,,,,,,,,,,
FALUCHO,,,,,,,,,,,
FAMAILLA,,,,,,,,,,,
FAMATINA,,,,,,,,,,,
FARADAY,,,,,,,,,,,
FECUNDIDAD,,,,,,,,,,,
FERNANDEZ,,,,,,,,,,,
FERNANDEZ BLANCO,,,,,,,,,,,
FERNANDEZ DE ENCISO,,,,,,,,,,,
FERNANDEZ ESPIRO DIEGO,,,,,,,,,,,
"FERNANDEZ, MACEDONIO",,,,,,,,,,,
FERRARI,,,,,,,,,,,
"FERRARI, ANTONINO M.",,,,,,,,,,,
FERRE,,,,,,,,,,,
"FERREYRA, ANDRES",,,,,,,,,,,
FERROCARRIL,,,,,,,,,,,
"FIGUEROA ALCORTA, PRES. AV.",,,,,,,,,,,
"FIGUEROA, D. APOLINARIO, CORONEL",,,,,,,,,,,
FILIBERTO,,,,,,,,,,,
FINLANDIA,,,,,,,,,,,
"FINLAY, CARLOS J. AV.",,,,,,,,,,,
"FINOCHIETTO, RICARDO, DR.",,,,,,,,,,,
FINOCHIETTO ENRIQUE DR.,,,,,,,,,,,
FITZ ROY,,,,,,,,,,,
"FLORES, VENANCIO, GRAL.",,,,,,,,,,,
FLORESTA,,,,,,,,,,,
FLORIDA,,,,,,,,,,,
FONROUGE,,,,,,,,,,,
GOMEZ DE FONSECA,,,,,,,,,,,
"FONTANA, LUIS JORGE CORONEL",,,,,,,,,,,
FOREST AV.,,,,,,,,,,,
"NAON, ROMULO",,,,,,,,,,,
FORMOSA,,,,,,,,,,,
"FOULLIER, FELIX O.",,,,,,,,,,,
FOURNIER,,,,,,,,,,,
FRAGA,,,,,,,,,,,
FRAGATA CEFIRO,,,,,,,,,,,
FRAGATA HALCON,,,,,,,,,,,
FRAGATA HERCULES,,,,,,,,,,,
FRAGATA LA ARGENTINA,,,,,,,,,,,
FRAGATA PRES. SARMIENTO,,,,,,,,,,,
FRAGATA TRINIDAD,,,,,,,,,,,
FRAGUEIRO,,,,,,,,,,,
FRANCO,,,,,,,,,,,
FRANKLIN,,,,,,,,,,,
FRATERNIDAD,,,,,,,,,,,
FRENCH,,,,,,,,,,,
"FREYRE, MARCELINO E., CNEL. AV.",,,,,,,,,,,
"FREIRE, RAMON, CAP. GRAL.",,,,,,,,,,,
"FRIAS, EUSTOQUIO, TTE. GENERAL",,,,,,,,,,,
"FITTE, MARCELO J., DR.",,,,,,,,,,,
"VAZ FERREIRA, CARLOS, DR.",,,,,,,,,,,
"FERNANDEZ MORENO, BALDOMERO",,,,,,,,,,,
FRAGATA 25 DE MAYO,,,,,,,,,,,
FALUCHO SAN LUIS,,,,,,,,,,,
"NOBLE, JULIO ARGENTINO",,,,,,,,,,,
"GAINZA, MARTIN DE, GRAL.",,,,,,,,,,,
"GAITAN, LUIS",,,,,,,,,,,
"GAITO, CONSTANTINO",,,,,,,,,,,
GALENO,,,,,,,,,,,
GALICIA,,,,,,,,,,,
GALILEO,,,,,,,,,,,
GALVAN,,,,,,,,,,,
GALLARDO,,,,,,,,,,,
"GALLARDO, ANGEL AV.",,,,,,,,,,,
GALLEGOS,,,,,,,,,,,
GALLO,,,,,,,,,,,
"GALLO, DELFIN",,,,,,,,,,,
GAMARRA,,,,,,,,,,,
"GAMBOA, MARCELO",,,,,,,,,,,
GANA,,,,,,,,,,,
GANDARA,,,,,,,,,,,
"GANDHI, MAHATMA",,,,,,,,,,,
GAONA AV.,,,,,,,,,,,
"GARAY, JUAN DE AV.",,,,,,,,,,,
"GARCIA, CEFERINO, AGENTE",,,,,,,,,,,
GARCIA DEL RIO,,,,,,,,,,,
GARCIA DEL RIO AV.,,,,,,,,,,,
"GARCIA, JUAN AGUSTIN",,,,,,,,,,,
"GARCIA, MANUEL",,,,,,,,,,,
"GARCIA, MANUEL J., ALTE.",,,,,,,,,,,
"GARCIA, MARTIN AV.",,,,,,,,,,,
"GARCIA, TEODORO",,,,,,,,,,,
"GARDEL, CARLOS",,,,,,,,,,,
GARIBALDI,,,,,,,,,,,
GARMENDIA AV.,,,,,,,,,,,
GARRO,,,,,,,,,,,
GARZON EUGENIO GENERAL,,,,,,,,,,,
"GARZON, EUGENIO, GRAL. AV.",,,,,,,,,,,
GASCON,,,,,,,,,,,
GAVILAN,,,,,,,,,,,
GELLY,,,,,,,,,,,
"GELLY Y OBES, GRAL. AV.",,,,,,,,,,,
GENA,,,,,,,,,,,
GENOVA,,,,,,,,,,,
"GERCHUNOFF, ALBERTO",,,,,,,,,,,
GIBRALTAR,,,,,,,,,,,
GIBSON,,,,,,,,,,,
"GIMENEZ, ANGEL M.",,,,,,,,,,,
GINEBRA,,,,,,,,,,,
"GIORELLO, PABLO",,,,,,,,,,,
GIRARDOT,,,,,,,,,,,
GIRIBONE,,,,,,,,,,,
"GIUFFRA, JOSE M.,DR.",,,,,,,,,,,
GODOY CRUZ,,,,,,,,,,,
"GODOY, RUPERTO",,,,,,,,,,,
"GOLFARINI, JUAN ANGEL, DR.",,,,,,,,,,,
"GOMEZ, INDALECIO",,,,,,,,,,,
"GOMEZ, JUAN CARLOS",,,,,,,,,,,
"GOMEZ SOMAVILLA, JOAQUIN",,,,,,,,,,,
"GOMEZ, VALENTIN",,,,,,,,,,,
GONCALVES DIAS,,,,,,,,,,,
"GONZALEZ, AGUSTIN, ING.",,,,,,,,,,,
GONZALEZ CATAN,,,,,,,,,,,
"GONZALES CHAVES, ADOLFO",,,,,,,,,,,
"GONZALEZ, ELPIDIO",,,,,,,,,,,
"GONZALEZ, JOAQUIN V.",,,,,,,,,,,
"GONZALEZ, JULIO VICTOR",,,,,,,,,,,
"GONZALEZ, ROQUE",,,,,,,,,,,
"GORDILLO, JOSE O., CNEL.",,,,,,,,,,,
"GORDILLO, TIMOTEO",,,,,,,,,,,
GOROSTIAGA,,,,,,,,,,,
GORRITI,,,,,,,,,,,
GOYA,,,,,,,,,,,
"GOYENA, PEDRO AV.",,,,,,,,,,,
"GRANADA, NICOLAS",,,,,,,,,,,
"GRANADA, NICOLAS, CORONEL",,,,,,,,,,,
GRANADEROS,,,,,,,,,,,
"GRANDOLI, MARTIN",,,,,,,,,,,
"GRANVILLE, GUILLERMO ENRIQUE",,,,,,,,,,,
GRECIA,,,,,,,,,,,
GRITO DE ASENCIO,,,,,,,,,,,
"MASANTONIO, HERMINIO",,,,,,,,,,,
GRIVEO,,,,,,,,,,,
PADRE FEDERICO GROTE,,,,,,,,,,,
"GROUSSAC, PAUL",,,,,,,,,,,
GUAL,,,,,,,,,,,
GUALEGUAY,,,,,,,,,,,
GUALEGUAYCHU,,,,,,,,,,,
GUAMINI,,,,,,,,,,,
GUANAHANI,,,,,,,,,,,
GUARANI,,,,,,,,,,,
GUARDIA NACIONAL,,,,,,,,,,,
GUARDIA VIEJA,,,,,,,,,,,
GUATEMALA,,,,,,,,,,,
GUAYAQUIL,,,,,,,,,,,
GUAYMALLEN,,,,,,,,,,,
GUAYQUIRARO,,,,,,,,,,,
GUAYRA,,,,,,,,,,,
GUEMES,,,,,,,,,,,
"VIGIL, CONSTANCIO C.",,,,,,,,,,,
GUEVARA,,,,,,,,,,,
GUIDO,,,,,,,,,,,
"GUIDO Y SPANO, CARLOS",,,,,,,,,,,
GUIPUZCOA,,,,,,,,,,,
"GUIRALDES, INT.",,,,,,,,,,,
"GUIRALDES, RICARDO",,,,,,,,,,,
GUISE,,,,,,,,,,,
GURRUCHAGA,,,,,,,,,,,
GUTENBERG,,,,,,,,,,,
"GUTIERREZ, EDUARDO",,,,,,,,,,,
"GUTIERREZ, JUAN MARIA",,,,,,,,,,,
"GUTIERREZ, RICARDO",,,,,,,,,,,
"GUTTERO, ALFREDO",,,,,,,,,,,
GUZMAN,,,,,,,,,,,
GUZMAN AV.,,,,,,,,,,,
"GUEMES, MACACHA",,,,,,,,,,,
"GALVEZ, MANUEL",,,,,,,,,,,
GOLETA JULIA,,,,,,,,,,,
GOLETA MALDONADO,,,,,,,,,,,
GOLETA MANUELITA,,,,,,,,,,,
GOLETA SANTA CRUZ,,,,,,,,,,,
GOLETA SARANDI,,,,,,,,,,,
GOLETA JULIET,,,,,,,,,,,
"GRAMAJO GUTIERREZ, ALFREDO",,,,,,,,,,,
"GUSTAVINO, ENRIQUE",,,,,,,,,,,
GOLETA INVENCIBLE,,,,,,,,,,,
GOLETA FORTUNA,,,,,,,,,,,
"GARCIA, PEDRO A.,CNEL.",,,,,,,,,,,
"GUERRICO, MARTIN, CTTE.",,,,,,,,,,,
GENDARMERIA NACIONAL AV.,,,,,,,,,,,
"GOLA, JOSE",,,,,,,,,,,
"GIRALT, HERNAN M., INT., A AV.",,,,,,,,,,,
"GRIERSON, CECILIA",,,,,,,,,,,
"GUEVARA, TRINIDAD",,,,,,,,,,,
HABANA,,,,,,,,,,,
HAITI,,,,,,,,,,,
"HALL, BASILIO",,,,,,,,,,,
HAMBURGO,,,,,,,,,,,
HAWAI,,,,,,,,,,,
HELGUERA,,,,,,,,,,,
HEREDIA,,,,,,,,,,,
"HERMITTE, ENRIQUE, ING.",,,,,,,,,,,
HERNANDARIAS,,,,,,,,,,,
"HERNANDEZ, JOSE",,,,,,,,,,,
"HERNANDEZ, RAFAEL",,,,,,,,,,,
HERRERA,,,,,,,,,,,
"HICKEN, CRISTOBAL M.",,,,,,,,,,,
HIDALGO,,,,,,,,,,,
"HIDALGO, BARTOLOME",,,,,,,,,,,
HINOJO,,,,,,,,,,,
HOLMBERG,,,,,,,,,,,
HOMERO,,,,,,,,,,,
HONDURAS,,,,,,,,,,,
HONDURAS AV.,,,,,,,,,,,
"HORNOS, GRAL.",,,,,,,,,,,
HORTIGUERA,,,,,,,,,,,
HUALFIN,,,,,,,,,,,
HUAURA,,,,,,,,,,,
CONTINUACION HUBAC (NO OFICIAL),,,,,,,,,,,
HUBAC,,,,,,,,,,,
HUDSON,,,,,,,,,,,
"HUDSON, GUILLERMO",,,,,,,,,,,
"DAVEL, DESIDERIO FERNANDO, DR.",,,,,,,,,,,
HUERGO,,,,,,,,,,,
"HUERGO, ING. AV.",,,,,,,,,,,
"HUGO, VICTOR",,,,,,,,,,,
"PUENTE HUGO, VICTOR (NO OFICIAL)",,,,,,,,,,,
HUMAHUACA,,,,,,,,,,,
HUMAITA,,,,,,,,,,,
HUMBERTO 1°,,,,,,,,,,,
HUMBOLDT,,,,,,,,,,,
HUNGRIA,,,,,,,,,,,
HUSARES,,,,,,,,,,,
"ARMAUER HANSEN, GERARDO, DR.",,,,,,,,,,,
HIROSHIMA,,,,,,,,,,,
"HAEDO, EDUARDO V., PRES.",,,,,,,,,,,
IBAÑEZ,,,,,,,,,,,
IBARROLA,,,,,,,,,,,
"IBARROLA, RODRIGO DE",,,,,,,,,,,
IBERA,,,,,,,,,,,
ICALMA,,,,,,,,,,,
IGUALDAD,,,,,,,,,,,
IGUAZU,,,,,,,,,,,
INCA,,,,,,,,,,,
INCLAN,,,,,,,,,,,
INDEPENDENCIA AV.,,,,,,,,,,,
INDIO,,,,,,,,,,,
"INGENIEROS, JOSE",,,,,,,,,,,
PASAJE 2 DE ABRIL,,,,,,,,,,,
"CARRERAS, SEGUNDO IÑIGO",,,,,,,,,,,
IRALA,,,,,,,,,,,
IRAOLA AV.,,,,,,,,,,,
"CABRED, DOMINGO, DR.",,,,,,,,,,,
"IRIARTE, GRAL.",,,,,,,,,,,
"IRIARTE, GRAL. AV.",,,,,,,,,,,
IRIGOYEN,,,,,,,,,,,
"IRIGOYEN, BERNARDO DE",,,,,,,,,,,
"IRIGOYEN, SANTOS",,,,,,,,,,,
IRLANDA,,,,,,,,,,,
"ISABEL, INFANTA AV.",,,,,,,,,,,
ISABEL LA CATOLICA,,,,,,,,,,,
ISLANDIA,,,,,,,,,,,
ITALIA,,,,,,,,,,,
"ARBELETCHE, ANIBAL P.",,,,,,,,,,,
ITAQUI,,,,,,,,,,,
ITURRI,,,,,,,,,,,
ITUZAINGO,,,,,,,,,,,
JACARANDA,,,,,,,,,,,
"JACQUES, AMADEO",,,,,,,,,,,
JACHAL,,,,,,,,,,,
"JANTIN, JUAN BAUTISTA",,,,,,,,,,,
JARAMILLO,,,,,,,,,,,
"JAURES, JEAN",,,,,,,,,,,
"JENNER, EDUARDO, DR.",,,,,,,,,,,
JORGE,,,,,,,,,,,
"ROUSSEAU, JUAN J.",,,,,,,,,,,
"JUAREZ, BENITO",,,,,,,,,,,
JUFRE,,,,,,,,,,,
JUJUY AV.,,,,,,,,,,,
JUNCAL,,,,,,,,,,,
JUNIN,,,,,,,,,,,
PRIMERA JUNTA,,,,,,,,,,,
JURAMENTO,,,,,,,,,,,
JURAMENTO AV.,,,,,,,,,,,
"JUSTO, JUAN B. AV.",,,,,,,,,,,
"JEREZ, PEDRO DE",,,,,,,,,,,
KING,,,,,,,,,,,
"KORN, ALEJANDRO, DR.",,,,,,,,,,,
"KRAUSE, JULIO, ING.",,,,,,,,,,,
LAVARDEN,,,,,,,,,,,
LA BLANQUEADA,,,,,,,,,,,
LA CACHILA,,,,,,,,,,,
LA CALANDRIA,,,,,,,,,,,
LA CAPITAL,,,,,,,,,,,
LACARRA,,,,,,,,,,,
LACARRA AV.,,,,,,,,,,,
LA CAUTIVA,,,,,,,,,,,
LA COMUNA,,,,,,,,,,,
LA CONQUISTA,,,,,,,,,,,
LA CONSTANCIA,,,,,,,,,,,
LA CORDILLERA,,,,,,,,,,,
"LACROZE, FEDERICO",,,,,,,,,,,
"LACROZE, FEDERICO AV.",,,,,,,,,,,
LA DILIGENCIA,,,,,,,,,,,
LADINES,,,,,,,,,,,
LA ESPIGA,,,,,,,,,,,
LA FACULTAD,,,,,,,,,,,
LAFAYETTE,,,,,,,,,,,
"LAFERRERE, GREGORIO DE",,,,,,,,,,,
LAFINUR,,,,,,,,,,,
"LAFOND, GABRIEL",,,,,,,,,,,
LA FONTAINE,,,,,,,,,,,
LA FRONDA,,,,,,,,,,,
LAFUENTE,,,,,,,,,,,
LAFUENTE AV.,,,,,,,,,,,
GAZETA DE BUENOS AYRES,,,,,,,,,,,
LA GALERA,,,,,,,,,,,
"PADRE MASSA, LORENZO BARTOLOME",,,,,,,,,,,
LA GLORIA,,,,,,,,,,,
LAGOS,,,,,,,,,,,
"LAGOS GARCIA, LUIS",,,,,,,,,,,
LAGRANGE,,,,,,,,,,,
"BENEDETTI, OSVALDO E., DIP.NAC.",,,,,,,,,,,
LAGUNA,,,,,,,,,,,
LA HAYA,,,,,,,,,,,
LA HUELLA,,,,,,,,,,,
LA HUERTA,,,,,,,,,,,
LA MADRESELVA,,,,,,,,,,,
LA MAR,,,,,,,,,,,
"LAMARCA, EMILIO",,,,,,,,,,,
LA MAREA,,,,,,,,,,,
"LAMAS, ANDRES",,,,,,,,,,,
LAMBARE,,,,,,,,,,,
LA MESOPOTAMIA,,,,,,,,,,,
LA RABIDA (S) AV.,,,,,,,,,,,
LA NAVE,,,,,,,,,,,
LANCHEROS DEL PLATA,,,,,,,,,,,
LANIN,,,,,,,,,,,
LA NIÑA,,,,,,,,,,,
LANUS,,,,,,,,,,,
LANZA,,,,,,,,,,,
"MANZI, HOMERO",,,,,,,,,,,
LAPACHO,,,,,,,,,,,
LA RABIDA (N) AV.,,,,,,,,,,,
LA PINTA,,,,,,,,,,,
LAPLACE,,,,,,,,,,,
LA PLATA AV.,,,,,,,,,,,
LA PORTEÑA,,,,,,,,,,,
LAPRIDA,,,,,,,,,,,
LA QUENA,,,,,,,,,,,
"NINO, CARLOS SANTIAGO",,,,,,,,,,,
"DE LA ROSA, JOSE I., DR.",,,,,,,,,,,
"LARRAÑAGA, DAMASO",,,,,,,,,,,
LARRAYA,,,,,,,,,,,
LARRAZABAL,,,,,,,,,,,
LARRAZABAL AV.,,,,,,,,,,,
LARREA,,,,,,,,,,,
LARSEN,,,,,,,,,,,
LAS ACACIAS,,,,,,,,,,,
LA SANTA MARIA,,,,,,,,,,,
LAS BASES,,,,,,,,,,,
LASCANO,,,,,,,,,,,
LAS CASAS,,,,,,,,,,,
LAS COLONIAS,,,,,,,,,,,
LA SELVA,,,,,,,,,,,
LAS FLORES,,,,,,,,,,,
"LAS HERAS, GENERAL",,,,,,,,,,,
LAS HERAS GENERAL AV.,,,,,,,,,,,
LAS INDIAS,,,,,,,,,,,
LAS PALMAS,,,,,,,,,,,
LAS PROVINCIAS,,,,,,,,,,,
"LASSERRE, AUGUSTO, ALTE.",,,,,,,,,,,
LASTRA AV.,,,,,,,,,,,
LAS TUNAS,,,,,,,,,,,
LA TRILLA,,,,,,,,,,,
LAURELES ARGENTINOS,,,,,,,,,,,
LAUSANA,,,,,,,,,,,
LAUTARO,,,,,,,,,,,
"LAVAISSE, BENJAMIN J.",,,,,,,,,,,
LAVALLE,,,,,,,,,,,
LAVALLEJA,,,,,,,,,,,
LAVOISIER,,,,,,,,,,,
"LE BRETON, TOMAS A.",,,,,,,,,,,
"LEGUIZAMON, HONORIO, DR.",,,,,,,,,,,
"LEGUIZAMON, MARTINIANO",,,,,,,,,,,
"LEGUIZAMON, ONESIMO",,,,,,,,,,,
LEIPZIG,,,,,,,,,,,
LEIVA,,,,,,,,,,,
"LEMOS, JUAN GREGORIO, GRAL.",,,,,,,,,,,
"LEON, BERNARDO DE",,,,,,,,,,,
LEONES,,,,,,,,,,,
LEOPARDI,,,,,,,,,,,
LERMA,,,,,,,,,,,
"LEVALLE, NICOLAS, TTE.GRAL.",,,,,,,,,,,
LEZICA,,,,,,,,,,,
LIBERTAD,,,,,,,,,,,
DEL LIBERTADOR AV.,,,,,,,,,,,
"LIBERTI, TOMAS",,,,,,,,,,,
LIBRES,,,,,,,,,,,
LIBRES DEL SUR AV.,,,,,,,,,,,
"LAREDO, PEDRO",,,,,,,,,,,
LIMA,,,,,,,,,,,
LINCOLN AV.,,,,,,,,,,,
LINIERS VIRREY,,,,,,,,,,,
LINNEO,,,,,,,,,,,
LISBOA,,,,,,,,,,,
"LISTA, RAMON, CORONEL",,,,,,,,,,,
LITUANIA,,,,,,,,,,,
LIVERPOOL,,,,,,,,,,,
LOBERIA,,,,,,,,,,,
LOBOS,,,,,,,,,,,
"LOBOS, ELEODORO, DR.",,,,,,,,,,,
LOGROÑO,,,,,,,,,,,
LOMAS DE ZAMORA,,,,,,,,,,,
LONDRES,,,,,,,,,,,
LOPE DE VEGA,,,,,,,,,,,
LOPE DE VEGA AV.,,,,,,,,,,,
"LOPEZ BUCHARDO, CARLOS",,,,,,,,,,,
"LOPEZ, CANDIDO",,,,,,,,,,,
"LOPEZ, CARLOS ANTONIO",,,,,,,,,,,
"LOPEZ, JUAN PABLO",,,,,,,,,,,
"LOPEZ MERINO, FRANCISCO",,,,,,,,,,,
"LOPEZ, VICENTE",,,,,,,,,,,
"PAGANO, JOSE LEON",,,,,,,,,,,
"LOPEZ, VICENTE FIDEL",,,,,,,,,,,
"LORA, FELIX",,,,,,,,,,,
"LORETO, VIRREY",,,,,,,,,,,
SANCHEZ DE LORIA,,,,,,,,,,,
SANCHEZ DE LORIA AV.,,,,,,,,,,,
BEADE,,,,,,,,,,,
LOS ANDES,,,,,,,,,,,
LOS PATOS,,,,,,,,,,,
LOS PIRINEOS,,,,,,,,,,,
LOS RECUERDOS,,,,,,,,,,,
LOS TELARES,,,,,,,,,,,
LOS TERRITORIOS,,,,,,,,,,,
LOYOLA,,,,,,,,,,,
"LOZANO, PEDRO",,,,,,,,,,,
"LUCA, ESTEBAN DE",,,,,,,,,,,
LUCERO,,,,,,,,,,,
LUCHTER (SUR),,,,,,,,,,,
LUGO,,,,,,,,,,,
LUGONES,,,,,,,,,,,
"LUGONES, LEOPOLDO AV.",,,,,,,,,,,
LUJAN,,,,,,,,,,,
PUENTE BOSCH,,,,,,,,,,,
LUNA,,,,,,,,,,,
"LUPPI, ABRAHAM J.",,,,,,,,,,,
LUXEMBURGO,,,,,,,,,,,
LUZURIAGA,,,,,,,,,,,
LYNCH,,,,,,,,,,,
"LYNCH ARRIBALZAGA, FELIX",,,,,,,,,,,
LLAVALLOL,,,,,,,,,,,
LLERENA,,,,,,,,,,,
LLORENTE,,,,,,,,,,,
SAN JUAN BAUTISTA DE LA SALLE AV.,,,,,,,,,,,
LILLO AV.,,,,,,,,,,,
"LEVENE, RICARDO, DR.",,,,,,,,,,,
LYNCH MARTA,,,,,,,,,,,
LA PAMPA,,,,,,,,,,,
LA RIOJA,,,,,,,,,,,
"LEVILLIER, ROBERTO, DR.",,,,,,,,,,,
"LAFONE, QUEVEDO SAMUEL",,,,,,,,,,,
LAVADERO,,,,,,,,,,,
LANTERI JULIETA,,,,,,,,,,,
"LORENZINI, CAROLA",,,,,,,,,,,
"MACIEL, FRANCISCO A.",,,,,,,,,,,
"MACHADO, ANTONIO",,,,,,,,,,,
MACHAIN,,,,,,,,,,,
MADARIAGA,,,,,,,,,,,
"MADERA, JUAN, DR.",,,,,,,,,,,
"MADERNA, FRANCISCO",,,,,,,,,,,
MADERO,,,,,,,,,,,
PUENTE MADERO (NO OFICIAL),,,,,,,,,,,
"GILARDI, GILARDO",,,,,,,,,,,
"MADERO, EDUARDO AV.",,,,,,,,,,,
MADRID,,,,,,,,,,,
MAGALLANES,,,,,,,,,,,
"MAGARIÑOS CERVANTES, A.",,,,,,,,,,,
MAGDALENA,,,,,,,,,,,
"MAGNAUD, JUEZ",,,,,,,,,,,
MAIPU,,,,,,,,,,,
MAIPU AV.,,,,,,,,,,,
MAITEN,,,,,,,,,,,
MALABIA,,,,,,,,,,,
REPUBLICA ARABE SIRIA,,,,,,,,,,,
MALAGA,,,,,,,,,,,
MALDONADO,,,,,,,,,,,
"MALHARRO, MARTIN A.",,,,,,,,,,,
MALVINAS ARGENTINAS,,,,,,,,,,,
MANAGUA,,,,,,,,,,,
MANCO CAPAC,,,,,,,,,,,
MANDISOBI,,,,,,,,,,,
"MANSILLA, LUCIO NORBERTO, GENERAL",,,,,,,,,,,
MANZANARES,,,,,,,,,,,
MANZONI,,,,,,,,,,,
MARACAIBO,,,,,,,,,,,
MAR DEL PLATA,,,,,,,,,,,
MAR DULCE,,,,,,,,,,,
MARCOARTU PASAJE (PJE. PARTICULAR),,,,,,,,,,,
"MARMOL, JOSE",,,,,,,,,,,
MARSELLA,,,,,,,,,,,
"MARTI, JOSE",,,,,,,,,,,
MARTIN FIERRO,,,,,,,,,,,
MARTIN PESCADOR,,,,,,,,,,,
MARTINEZ CASTRO,,,,,,,,,,,
"MARTINEZ, ENRIQUE, GRAL.",,,,,,,,,,,
MARTINEZ DE HOZ,,,,,,,,,,,
"MARTINEZ, JUAN ESTEBAN",,,,,,,,,,,
"MARTINEZ, MATEO J.",,,,,,,,,,,
"MARTINEZ, PLACIDO",,,,,,,,,,,
MARTINEZ ROSAS,,,,,,,,,,,
"MARTINEZ, VICTOR",,,,,,,,,,,
MASON,,,,,,,,,,,
MATACO,,,,,,,,,,,
MATANZA,,,,,,,,,,,
MATHEU,,,,,,,,,,,
"MATIENZO, BENJAMIN, TENIENTE",,,,,,,,,,,
MATORRAS,,,,,,,,,,,
"MATORRAS DE SAN MARTIN, GREGORIA",,,,,,,,,,,
"MATURANA, JOSE DE",,,,,,,,,,,
MATURIN,,,,,,,,,,,
MAURE,,,,,,,,,,,
MAZA,,,,,,,,,,,
MBURUCUYA,,,,,,,,,,,
"MEANA, BENITO, CNEL.",,,,,,,,,,,
MEDANOS,,,,,,,,,,,
MEDEYROS,,,,,,,,,,,
MEDINA,,,,,,,,,,,
MEDRANO,,,,,,,,,,,
MEDRANO AV.,,,,,,,,,,,
MELGAR,,,,,,,,,,,
MELIAN AV.,,,,,,,,,,,
MELINCUE,,,,,,,,,,,
"MELO, CARLOS F.",,,,,,,,,,,
"MELO, VIRREY",,,,,,,,,,,
MEMBRILLAR,,,,,,,,,,,
"MENDEZ, AGUSTIN",,,,,,,,,,,
"JAURETCHE, ARTURO",,,,,,,,,,,
MENDEZ DE ANDES,,,,,,,,,,,
"MENDEZ, NICANOR",,,,,,,,,,,
MENDOZA,,,,,,,,,,,
MENDOZA AV.,,,,,,,,,,,
DON PEDRO DE MENDOZA AV.,,,,,,,,,,,
MENENDEZ Y PELAYO,,,,,,,,,,,
MERCEDES,,,,,,,,,,,
METAN,,,,,,,,,,,
MEXICO,,,,,,,,,,,
MIGUEL ANGEL,,,,,,,,,,,
MIGUELETES,,,,,,,,,,,
MILAN,,,,,,,,,,,
MILTON,,,,,,,,,,,
MILLER,,,,,,,,,,,
MIÑONES,,,,,,,,,,,
MIRAFLORES,,,,,,,,,,,
MIRALLA,,,,,,,,,,,
MIRAMAR,,,,,,,,,,,
MIRANDA,,,,,,,,,,,
MIRAVE,,,,,,,,,,,
MIRIÑAY,,,,,,,,,,,
MIRO,,,,,,,,,,,
MISIONES,,,,,,,,,,,
"MISTRAL, GABRIELA",,,,,,,,,,,
"MITRE, BARTOLOME",,,,,,,,,,,
"MITRE, EMILIO",,,,,,,,,,,
MOCORETA,,,,,,,,,,,
MOCTEZUMA,,,,,,,,,,,
"MOHR, ALEJANDRO",,,,,,,,,,,
MOLDES,,,,,,,,,,,
MOLIERE,,,,,,,,,,,
MOLINA,,,,,,,,,,,
"MOLINA ARROTEA, CARLOS",,,,,,,,,,,
MOM,,,,,,,,,,,
MOMPOX,,,,,,,,,,,
MONACO,,,,,,,,,,,
MONASTERIO,,,,,,,,,,,
"MONNER SANS, RICARDO",,,,,,,,,,,
"MONTALVO, FERNANDO DE",,,,,,,,,,,
MONTAÑESES,,,,,,,,,,,
MONTE,,,,,,,,,,,
MONTEAGUDO,,,,,,,,,,,
MONTE DINERO,,,,,,,,,,,
MONTENEGRO,,,,,,,,,,,
"MONTES DE OCA, MANUEL AV.",,,,,,,,,,,
MONTESQUIEU,,,,,,,,,,,
"MONTES, VICTORIANO E.",,,,,,,,,,,
MONTEVIDEO,,,,,,,,,,,
MONTIEL,,,,,,,,,,,
MONTREAL,,,,,,,,,,,
"MONTT, PEDRO, PRES. AV.",,,,,,,,,,,
"MORA FERNANDEZ, JUAN",,,,,,,,,,,
"MORAN, PEDRO",,,,,,,,,,,
"MOREL, CARLOS",,,,,,,,,,,
"CRUZ, JUANA INES DE LA, SOR",,,,,,,,,,,
MORELOS,,,,,,,,,,,
MORENO,,,,,,,,,,,
"MORENO, ENRIQUE B.",,,,,,,,,,,
"MORENO, JOSE MARIA AV.",,,,,,,,,,,
MORETO,,,,,,,,,,,
"BIELSA, RAFAEL, DR.",,,,,,,,,,,
MORLOTE,,,,,,,,,,,
MORON,,,,,,,,,,,
"MORRIS, WILLIAM C.",,,,,,,,,,,
MORSE,,,,,,,,,,,
MOSCONI GENERAL AV.,,,,,,,,,,,
MOSCU,,,,,,,,,,,
"FILIBERTO, JUAN DE DIOS",,,,,,,,,,,
MOZART,,,,,,,,,,,
"MUJICA, JOSE PIO",,,,,,,,,,,
MUNICH,,,,,,,,,,,
MUÑECAS,,,,,,,,,,,
MUÑIZ,,,,,,,,,,,
MURATURE,,,,,,,,,,,
MURCIA,,,,,,,,,,,
MURGUIONDO,,,,,,,,,,,
MURILLO,,,,,,,,,,,
MUTUALISMO,,,,,,,,,,,
"MUZILLI, CAROLINA",,,,,,,,,,,
"MATTEOTI, GIACOMO",,,,,,,,,,,
PADRE MONTES CARBALLO,,,,,,,,,,,
"LUISONI, ARTURO, MAYOR",,,,,,,,,,,
"MARTINEZ ZUVIRIA, GUSTAVO,",,,,,,,,,,,
"CURATELLA MANES, PABLO",,,,,,,,,,,
MENDEZ,,,,,,,,,,,
FLOR DEL AIRE,,,,,,,,,,,
"MAGALDI, AGUSTIN",,,,,,,,,,,
"MUIÑO, ENRIQUE",,,,,,,,,,,
"MOM, POLICARPO",,,,,,,,,,,
"MAIZANI, AZUCENA",,,,,,,,,,,
NACIONES UNIDAS,,,,,,,,,,,
NAMUNCURA,,,,,,,,,,,
"HERRERA, LUIS A., DE",,,,,,,,,,,
"NAON, JUAN JOSE",,,,,,,,,,,
NAPOLES,,,,,,,,,,,
NATAL,,,,,,,,,,,
NAVARRO,,,,,,,,,,,
"NAVARRO VIOLA, MIGUEL",,,,,,,,,,,
NAZARRE,,,,,,,,,,,
NAZCA,,,,,,,,,,,
NAZCA AV.,,,,,,,,,,,
NECOCHEA,,,,,,,,,,,
NEPPER,,,,,,,,,,,
PADRE NEUMANN JUAN B.,,,,,,,,,,,
NEUQUEN,,,,,,,,,,,
NEVADA,,,,,,,,,,,
"NEWBERY, JORGE",,,,,,,,,,,
"NEWBERY, JORGE AV.",,,,,,,,,,,
PUENTE CONSEJAL PEDRO BUSTOS,,,,,,,,,,,
NEWTON,,,,,,,,,,,
NICARAGUA,,,,,,,,,,,
NIZA,,,,,,,,,,,
NOGOYA,,,,,,,,,,,
NORUEGA,,,,,,,,,,,
NUEVA YORK,,,,,,,,,,,
NUEVA ZELANDIA,,,,,,,,,,,
9 DE JULIO AV.,,,,,,,,,,,
NUMANCIA,,,,,,,,,,,
NUÑEZ,,,,,,,,,,,
"NUÑEZ, ROBERTO, OBRERO",,,,,,,,,,,
NAHUEL HUAPI,,,,,,,,,,,
ÑANDUTI,,,,,,,,,,,
OBARRIO MANUEL,,,,,,,,,,,
VUELTA DE OBLIGADO,,,,,,,,,,,
"OBLIGADO RAFAEL, AV.COSTANERA",,,,,,,,,,,
O'BRIEN,,,,,,,,,,,
ORTIZ DE OCAMPO,,,,,,,,,,,
ORTIZ DE OCAMPO AV.,,,,,,,,,,,
OCEANIA,,,,,,,,,,,
"OCHOA, ENRIQUE",,,,,,,,,,,
O'GORMAN,,,,,,,,,,,
O'HIGGINS,,,,,,,,,,,
OHM,,,,,,,,,,,
"OLAGUER Y FELIU, VIRREY",,,,,,,,,,,
OLAVARRIA,,,,,,,,,,,
"OLAVARRIETA, DIEGO DE",,,,,,,,,,,
OLAYA,,,,,,,,,,,
OLAZABAL,,,,,,,,,,,
OLAZABAL AV.,,,,,,,,,,,
OLIDEN,,,,,,,,,,,
OLIVERA AV.,,,,,,,,,,,
OLIVIERI,,,,,,,,,,,
OLIVOS,,,,,,,,,,,
"OLMOS, JUAN FRANCISCO",,,,,,,,,,,
"OLMOS, AMBROSIO",,,,,,,,,,,
OLLEROS,,,,,,,,,,,
OLLEROS AV.,,,,,,,,,,,
OMBU,,,,,,,,,,,
ONCATIVO,,,,,,,,,,,
11 DE SEPTIEMBRE DE 1888,,,,,,,,,,,
"MARCHI, MARIA CATALINA",,,,,,,,,,,
OPORTO,,,,,,,,,,,
"ORIGONE, MANUEL FELIX, TTE",,,,,,,,,,,
ORMA,,,,,,,,,,,
FRAY JUSTO SANTAMARIA DE ORO,,,,,,,,,,,
"OROÑO, NICASIO",,,,,,,,,,,
ORTEGA,,,,,,,,,,,
"ORTIZ, CARLOS",,,,,,,,,,,
"ORTIZ DE ZARATE, RODRIGO",,,,,,,,,,,
"ORTIZ, FRANCISCO J.",,,,,,,,,,,
ORURO,,,,,,,,,,,
OSAKA,,,,,,,,,,,
OSLO,,,,,,,,,,,
OSORIO,,,,,,,,,,,
OSTENDE,,,,,,,,,,,
OTAMENDI,,,,,,,,,,,
OTTAWA,,,,,,,,,,,
OTERO,,,,,,,,,,,
OWEN,,,,,,,,,,,
"OZANAM FEDERICO, BEATO",,,,,,,,,,,
"ORTIZ, ROBERTO M., PRES.",,,,,,,,,,,
"OLASCOAGA, MANUEL JOSE, CNEL.",,,,,,,,,,,
"O'CONNOR, ELSA",,,,,,,,,,,
ORTEGA Y GASSET,,,,,,,,,,,
"OCAMPO, VICTORIA",,,,,,,,,,,
PACHECO,,,,,,,,,,,
"PACHECO DE MELO, JOSE ANDRES",,,,,,,,,,,
PADILLA,,,,,,,,,,,
"PADILLA, MANUEL",,,,,,,,,,,
PAEZ,,,,,,,,,,,
"PAGOLA, CNEL.",,,,,,,,,,,
PAILEBOT DAVISON,,,,,,,,,,,
"PALMA, ATHOS",,,,,,,,,,,
PALMAR,,,,,,,,,,,
PALOS,,,,,,,,,,,
PALPA,,,,,,,,,,,
"PALLIERE, JUAN LEON",,,,,,,,,,,
PANAMA,,,,,,,,,,,
PARACAS,,,,,,,,,,,
PARAGUAY,,,,,,,,,,,
PARANA,,,,,,,,,,,
PAREJA,,,,,,,,,,,
PARERA,,,,,,,,,,,
PARIS,,,,,,,,,,,
PARKER,,,,,,,,,,,
PAROISSIEN,,,,,,,,,,,
PASCO,,,,,,,,,,,
PASEO COLON AV.,,,,,,,,,,,
PASO,,,,,,,,,,,
PASO DE LOS LIBRES,,,,,,,,,,,
PASTEUR,,,,,,,,,,,
PATAGONES,,,,,,,,,,,
PATRICIAS ARGENTINAS AV.,,,,,,,,,,,
REGIMIENTO DE PATRICIOS AV.,,,,,,,,,,,
PATRON,,,,,,,,,,,
"PAULA Y RODRIGUEZ ALVES, JOSE DE",,,,,,,,,,,
PAUNERO,,,,,,,,,,,
PAVON,,,,,,,,,,,
PAVON AV.,,,,,,,,,,,
"PAYRO, ROBERTO J.",,,,,,,,,,,
PAYSANDU,,,,,,,,,,,
"PAZ, GRAL. AV.",,,,,,,,,,,
"PAZ, MARCOS",,,,,,,,,,,
PAZ SOLDAN,,,,,,,,,,,
"PAZOS, JOSE",,,,,,,,,,,
"PAZ Y FIGUEROA, MARIA ANTONIA DE LA",,,,,,,,,,,
PEDERNERA,,,,,,,,,,,
"PEDRAZA, MANUELA",,,,,,,,,,,
PEHUAJO,,,,,,,,,,,
PEIPING,,,,,,,,,,,
"GIANANTONIO, CARLOS A. DR.",,,,,,,,,,,
"PELLEGRINI, CARLOS",,,,,,,,,,,
"PELLEGRINI, CARLOS E.",,,,,,,,,,,
PEÑA,,,,,,,,,,,
"PEÑA, DAVID, DR.",,,,,,,,,,,
"CHAMPAGNAT, MARCELINO",,,,,,,,,,,
PEPIRI,,,,,,,,,,,
PERDRIEL,,,,,,,,,,,
PEREYRA,,,,,,,,,,,
PEREYRA LUCENA,,,,,,,,,,,
"PEREZ, JOSE JULIAN",,,,,,,,,,,
"PEREZ, JOAQUIN V., COMISARIO",,,,,,,,,,,
"PEREZ GALDOS, BENITO AV.",,,,,,,,,,,
"PEREZ, GREGORIA",,,,,,,,,,,
"PEREZ, ROQUE",,,,,,,,,,,
"PEREZ ROSALES, VICENTE",,,,,,,,,,,
PERGAMINO,,,,,,,,,,,
PERIBEBUY,,,,,,,,,,,
PERNAMBUCO,,,,,,,,,,,
PERRAULT,,,,,,,,,,,
PERU,,,,,,,,,,,
PESCADORES,,,,,,,,,,,
PESTALOZZI,,,,,,,,,,,
PICO,,,,,,,,,,,
PICHEUTA,,,,,,,,,,,
PICHINCHA,,,,,,,,,,,
PICHINCHA AV.,,,,,,,,,,,
PIEDRA BUENA AV.,,,,,,,,,,,
PIEDRAS,,,,,,,,,,,
PIERES,,,,,,,,,,,
PILA,,,,,,,,,,,
PILAR,,,,,,,,,,,
"RUCCI, JOSE IGNACIO",,,,,,,,,,,
PILCOMAYO,,,,,,,,,,,
PILLADO,,,,,,,,,,,
PINEDO AV.,,,,,,,,,,,
"PINEDO, INT.",,,,,,,,,,,
"PINELO, LEON",,,,,,,,,,,
PINTO,,,,,,,,,,,
PINZON,,,,,,,,,,,
PIRAN,,,,,,,,,,,
PIROVANO,,,,,,,,,,,
"PISSARRO, VICTOR",,,,,,,,,,,
PITAGORAS,,,,,,,,,,,
"PITTALUGA, EDUARDO, DR.",,,,,,,,,,,
PI Y MARGALL,,,,,,,,,,,
PIZARRO,,,,,,,,,,,
"PIZARRO, FRANCISCO",,,,,,,,,,,
PIZZURNO,,,,,,,,,,,
PLANES,,,,,,,,,,,
PLAZA,,,,,,,,,,,
PLUMERILLO,,,,,,,,,,,
PLUS ULTRA,,,,,,,,,,,
PLUTARCO,,,,,,,,,,,
"PODESTA, JOSE J.",,,,,,,,,,,
"PODESTA, PABLO",,,,,,,,,,,
POLA,,,,,,,,,,,
POLONIA,,,,,,,,,,,
"POMAR, GREGORIO TTE. CNEL.",,,,,,,,,,,
"PONCE, ANIBAL",,,,,,,,,,,
"LEBENSOHN, MOISES",,,,,,,,,,,
"PORCEL DE PERALTA, MANUEL",,,,,,,,,,,
PORTELA,,,,,,,,,,,
PORTILLO,,,,,,,,,,,
PORTUGAL,,,,,,,,,,,
POSADAS,,,,,,,,,,,
"POSADAS, ALEJANDRO, DR.",,,,,,,,,,,
POSTA,,,,,,,,,,,
POSTA DE HORNILLOS,,,,,,,,,,,
POTOSI,,,,,,,,,,,
"POLIZA, PRACTICO",,,,,,,,,,,
PRAGA,,,,,,,,,,,
1RO DE MAYO,,,,,,,,,,,
"PRIMOLI, JUAN B.",,,,,,,,,,,
PRINGLES,,,,,,,,,,,
"PRINS, ENRIQUE",,,,,,,,,,,
PROMETEO,,,,,,,,,,,
PROVINCIAS UNIDAS,,,,,,,,,,,
"PRUDAN, MANUEL SILVESTRE, TTE.",,,,,,,,,,,
PUAN,,,,,,,,,,,
"PUCH, MANUEL, GRAL",,,,,,,,,,,
PUENTE DEL INCA,,,,,,,,,,,
PUERTO PRINCIPE,,,,,,,,,,,
PUEYRREDON AV.,,,,,,,,,,,
"BERNASCONI, MARIO",,,,,,,,,,,
PARRAL,,,,,,,,,,,
"PUEYRREDON, HONORIO, DR. AV.",,,,,,,,,,,
"PUEYRREDON, PRILIDIANO",,,,,,,,,,,
PUJOL,,,,,,,,,,,
PUMACAHUA,,,,,,,,,,,
PUNA,,,,,,,,,,,
PUNTA ARENAS,,,,,,,,,,,
BATALLA DEL PARI,,,,,,,,,,,
"PAZ, JOSE C.",,,,,,,,,,,
"PAGANO, ANGELINA",,,,,,,,,,,
"PARRAVICINI, FLORENCIO",,,,,,,,,,,
PADRE ENRIQUE CONTARDI,,,,,,,,,,,
PADRE M. L. MIGONE,,,,,,,,,,,
"BUTTY, E., ING.",,,,,,,,,,,
PJE.PARTICULAR (ALT. BENEDETTI 170),,,,,,,,,,,
PJE.PARTICULAR (ALT. RIVADAVIA 11080),,,,,,,,,,,
"PALME, OLOF",,,,,,,,,,,
PJE.PARTICULAR (ALT. BALBOA 458),,,,,,,,,,,
NORTE PJE. PARTICULAR (ALTURA SILVIO RUGGERI 2750),,,,,,,,,,,
PJE.PARTICULAR (ALT. YERBAL 5949),,,,,,,,,,,
"GOYENECHE, ROBERTO PARQUE AV.",,,,,,,,,,,
"QUARTINO, JOSE N., ING. AV.",,,,,,,,,,,
QUEBRACHO,,,,,,,,,,,
QUERANDIES,,,,,,,,,,,
QUEROL,,,,,,,,,,,
QUESADA,,,,,,,,,,,
QUEVEDO,,,,,,,,,,,
QUILMES,,,,,,,,,,,
15 DE NOVIEMBRE DE 1889,,,,,,,,,,,
QUINTANA,,,,,,,,,,,
"QUINTANA, JOSE DE LA",,,,,,,,,,,
"QUINTANA, MANUEL, PRES.",,,,,,,,,,,
"QUINTANA, MANUEL, PRES. AV.",,,,,,,,,,,
"QUINTEROS, LIDORO J. AV.",,,,,,,,,,,
QUIRNO,,,,,,,,,,,
"QUIRNO COSTA, NORBERTO, DR.",,,,,,,,,,,
"QUIROGA, HORACIO",,,,,,,,,,,
QUIROS,,,,,,,,,,,
QUITO,,,,,,,,,,,
QUIROGA JUAN FACUNDO BRIG. GRAL.,,,,,,,,,,,
RAFAELA,,,,,,,,,,,
RAMALLO,,,,,,,,,,,
"RAMIREZ, CARLOS M.",,,,,,,,,,,
"RAMIREZ DE VELASCO, JUAN",,,,,,,,,,,
"RAMIREZ, EUGENIO",,,,,,,,,,,
RAMON Y CAJAL,,,,,,,,,,,
"RAMOS MEJIA, JOSE MARIA, DR. AV.",,,,,,,,,,,
RAMOS MEJIA,,,,,,,,,,,
RAMSAY,,,,,,,,,,,
RANQUELES,,,,,,,,,,,
RASTREADOR FOURNIER,,,,,,,,,,,
"DISCEPOLO, ENRIQUE SANTOS",,,,,,,,,,,
RAULET,,,,,,,,,,,
RAULIES,,,,,,,,,,,
"RAVIGNANI, EMILIO, DR.",,,,,,,,,,,
ESTADO DE PALESTINA,,,,,,,,,,,
RAWSON,,,,,,,,,,,
RECONQUISTA,,,,,,,,,,,
RECUERDOS DE PROVINCIA,,,,,,,,,,,
"RECUERO, CASIMIRO, TTE. CNEL.",,,,,,,,,,,
REMEDIOS,,,,,,,,,,,
RENACIMIENTO,,,,,,,,,,,
RENAN,,,,,,,,,,,
RENQUE CURA,,,,,,,,,,,
REPUBLICA,,,,,,,,,,,
REPUBLICA DE INDONESIA,,,,,,,,,,,
REPUBLICA DE LA INDIA,,,,,,,,,,,
REPUBLICA DE SAN MARINO,,,,,,,,,,,
"LARRALDE, CRISOLOGO",,,,,,,,,,,
"LARRALDE, CRISOLOGO AV.",,,,,,,,,,,
"SANCHEZ, MIGUEL B. AV.",,,,,,,,,,,
RESERVISTAS ARGENTINOS,,,,,,,,,,,
RESERVISTAS ARGENTINOS AV.,,,,,,,,,,,
RESURRECCION,,,,,,,,,,,
"RICCIO, GUSTAVO",,,,,,,,,,,
"RICCHERI, PABLO, TTE. GRAL.",,,,,,,,,,,
"RICO, CNEL.",,,,,,,,,,,
RIGLOS,,,,,,,,,,,
RINCON,,,,,,,,,,,
RIOBAMBA,,,,,,,,,,,
RIO COLORADO,,,,,,,,,,,
RIO CUARTO,,,,,,,,,,,
RIO DE JANEIRO,,,,,,,,,,,
RIO GRANDE,,,,,,,,,,,
RIO LIMAY,,,,,,,,,,,
RIO PIEDRAS,,,,,,,,,,,
RIO SALADO,,,,,,,,,,,
PRELADO DON BUENAVENTURA RISSO PATRON,,,,,,,,,,,
RIVADAVIA AV.,,,,,,,,,,,
"RIVADAVIA MARTIN, COMODORO",,,,,,,,,,,
"RIVAROLA, PANTALEON",,,,,,,,,,,
"RIVAROLA, RODOLFO, DR.",,,,,,,,,,,
"RIVAS, GRAL.",,,,,,,,,,,
REPUBLICA DOMINICANA,,,,,,,,,,,
"RIVERA, FRUCTUOSO, GENERAL",,,,,,,,,,,
"RIVERA, PEDRO I., DR.",,,,,,,,,,,
RIVERA INDARTE AV.,,,,,,,,,,,
ROBERTSON,,,,,,,,,,,
DEL FOMENTISTA AV.,,,,,,,,,,,
"RABANAL, FRANCISCO, INTENDENTE AV.",,,,,,,,,,,
"ROCA, CNEL. AV.",,,,,,,,,,,
"ROCA, JULIO A., PRESIDENTE DIAGONAL SUR AV.",,,,,,,,,,,
ROCAMORA,,,,,,,,,,,
ROCHA,,,,,,,,,,,
"ROCHA, DARDO",,,,,,,,,,,
ROCHDALE,,,,,,,,,,,
RODNEY,,,,,,,,,,,
"RODO, JOSE E.",,,,,,,,,,,
"TRIANA, RODRIGO DE",,,,,,,,,,,
"RODRIGUEZ, ALONSO",,,,,,,,,,,
"RODRIGUEZ, IGNACIO F.",,,,,,,,,,,
"RODRIGUEZ, MANUEL A., GENERAL",,,,,,,,,,,
"RODRIGUEZ, MARTIN",,,,,,,,,,,
RODRIGUEZ PEÑA,,,,,,,,,,,
"RODRIGUEZ, PIO",,,,,,,,,,,
"ROENTGEN, AV.",,,,,,,,,,,
"ROHDE, CNEL.",,,,,,,,,,,
PASAJE ROJAS (NO OFICIAL),,,,,,,,,,,
ROJAS,,,,,,,,,,,
"ROJAS, DIEGO DE",,,,,,,,,,,
"ROJAS, RICARDO, DR.",,,,,,,,,,,
"ROLDAN, BELISARIO AV.",,,,,,,,,,,
ROMA,,,,,,,,,,,
ROMERO,,,,,,,,,,,
"ROMERO, EDUARDO, SGTO.",,,,,,,,,,,
RONDEAU,,,,,,,,,,,
ROOSEVELT FRANKLIN D.,,,,,,,,,,,
ROOSEVELT FRANKLIN D. AV.,,,,,,,,,,,
ROSALES AV.,,,,,,,,,,,
"NOEL, CARLOS INT.",,,,,,,,,,,
ROSARIO,,,,,,,,,,,
ROSARIO DE LA FRONTERA,,,,,,,,,,,
ROSETI,,,,,,,,,,,
RUBENS,,,,,,,,,,,
RUFINO,,,,,,,,,,,
"RUGGIERI, SILVIO L.",,,,,,,,,,,
RUIZ DE LOS LLANOS,,,,,,,,,,,
RUIZ HUIDOBRO,,,,,,,,,,,
RUIZ HUIDOBRO AV.,,,,,,,,,,,
"RUIZ MORENO, JULIO, GRAL.",,,,,,,,,,,
RUMANIA,,,,,,,,,,,
RUSIA,,,,,,,,,,,
RUSSEL,,,,,,,,,,,
RUY DIAZ DE GUZMAN,,,,,,,,,,,
"ROGER, ENRIQUE, A., AVDOR.",,,,,,,,,,,
"LARROQUE DE ROFFO, ELENA",,,,,,,,,,,
RIO NEGRO,,,,,,,,,,,
REPUBLICA DEL LIBANO,,,,,,,,,,,
"ROFFO, ANGEL H., DR.",,,,,,,,,,,
"RAMIREZ, CEFERINO, COMODORO",,,,,,,,,,,
"RACEDO, EDUARDO, TTE. GRAL.",,,,,,,,,,,
"ROMERO, D.",,,,,,,,,,,
SAAVEDRA,,,,,,,,,,,
PUENTE ALSINA,,,,,,,,,,,
SAENZ AV.,,,,,,,,,,,
"SAENZ PEÑA, LUIS, PRES.",,,,,,,,,,,
"SAENZ PEÑA, ROQUE, PRES. DIAGONAL NORTE AV.",,,,,,,,,,,
"SAENZ VALIENTE, ANSELMO",,,,,,,,,,,
"SAENZ VALIENTE, JUAN PABLO",,,,,,,,,,,
SALADILLO,,,,,,,,,,,
SALALA,,,,,,,,,,,
SALAS,,,,,,,,,,,
SALCEDO,,,,,,,,,,,
SALDIAS ADOLFO,,,,,,,,,,,
"SALGUERO, JERONIMO",,,,,,,,,,,
"MERCADER, EMIR",,,,,,,,,,,
"SALMUN FEIJOO, JOSE AARON",,,,,,,,,,,
SALOM,,,,,,,,,,,
"SAENZ, MANUELA",,,,,,,,,,,
SALTA,,,,,,,,,,,
SALTO,,,,,,,,,,,
"SALVADORES, CNEL.",,,,,,,,,,,
SALVIGNY,,,,,,,,,,,
SANABRIA,,,,,,,,,,,
OBISPO SAN ALBERTO,,,,,,,,,,,
SAN ANTONIO,,,,,,,,,,,
SAN ANTONIO DE ARECO,,,,,,,,,,,
SAN BENITO DE PALERMO,,,,,,,,,,,
SAN BLAS,,,,,,,,,,,
SAN CARLOS,,,,,,,,,,,
SANCHEZ,,,,,,,,,,,
PUENTE SANCHEZ DE BUSTAMANTE,,,,,,,,,,,
SANCHEZ DE BUSTAMANTE,,,,,,,,,,,
CALABRIA AV.,,,,,,,,,,,
MARTIRES PALOTINOS,,,,,,,,,,,
SAN FRANCISCO,,,,,,,,,,,
SAN FRANCISCO DE ASIS,,,,,,,,,,,
"SAN GINES, MANUEL DE",,,,,,,,,,,
SAN IGNACIO,,,,,,,,,,,
SAN IRENEO,,,,,,,,,,,
SAN ISIDRO LABRADOR AV.,,,,,,,,,,,
SAN JOSE,,,,,,,,,,,
SAN JOSE DE CALASANZ,,,,,,,,,,,
SAN JUAN AV.,,,,,,,,,,,
SAN LORENZO,,,,,,,,,,,
SANLUCAR DE BARRAMEDA,,,,,,,,,,,
SAN LUIS,,,,,,,,,,,
SAN MARTIN,,,,,,,,,,,
SAN MARTIN AV.,,,,,,,,,,,
SAN MARTIN DE TOURS,,,,,,,,,,,
SALOTTI MARTHA,,,,,,,,,,,
SAN MATEO,,,,,,,,,,,
SAN NICOLAS,,,,,,,,,,,
SAN PEDRITO,,,,,,,,,,,
SAN PEDRITO AV.,,,,,,,,,,,
SAN PEDRO,,,,,,,,,,,
SAN RICARDO,,,,,,,,,,,
SAN SEBASTIAN,,,,,,,,,,,
SANTA CATALINA,,,,,,,,,,,
SANTA CRUZ,,,,,,,,,,,
SANTA ELENA,,,,,,,,,,,
SANTA FE AV.,,,,,,,,,,,
SANTA MAGDALENA,,,,,,,,,,,
SANTA MARIA DEL BUEN AIRE,,,,,,,,,,,
SANTANDER,,,,,,,,,,,
SANTA ROSA,,,,,,,,,,,
SANTA TERESA,,,,,,,,,,,
"SKENNON, MIGUEL",,,,,,,,,,,
SANTIAGO DE CHILE,,,,,,,,,,,
SANTIAGO DEL ESTERO,,,,,,,,,,,
SANTO DOMINGO,,,,,,,,,,,
SANTO TOME,,,,,,,,,,,
SANTOS VEGA,,,,,,,,,,,
SARACHAGA,,,,,,,,,,,
SARANDI,,,,,,,,,,,
SARAVIA,,,,,,,,,,,
SARAZA,,,,,,,,,,,
SARMIENTO,,,,,,,,,,,
SARMIENTO AV.,,,,,,,,,,,
"SASTRE, MARCOS",,,,,,,,,,,
SAYOS,,,,,,,,,,,
"SCAPINO, RODOLFO",,,,,,,,,,,
"CASARES, ADOLFO BIOY",,,,,,,,,,,
"SCHIAFFINO, EDUARDO",,,,,,,,,,,
"SCHMIDL, ULRICO",,,,,,,,,,,
"SEGUI, F. J., ALTE.",,,,,,,,,,,
"SEGUI, JUAN FRANCISCO",,,,,,,,,,,
"SEGUIN, MARCOS",,,,,,,,,,,
SEGUROLA AV.,,,,,,,,,,,
SENILLOSA,,,,,,,,,,,
"BORGES, JORGE LUIS",,,,,,,,,,,
SERRANO,,,,,,,,,,,
SERVET,,,,,,,,,,,
SEVILLA,,,,,,,,,,,
SHAKESPEARE,,,,,,,,,,,
SHANGHAI,,,,,,,,,,,
SIERRA GRANDE,,,,,,,,,,,
SILVA CAYETANO A.,,,,,,,,,,,
SIMBRON,,,,,,,,,,,
SINCLAIR,,,,,,,,,,,
"SIVORI, EDUARDO",,,,,,,,,,,
SOCRATES,,,,,,,,,,,
SOFIA,,,,,,,,,,,
"SOLA, MANUEL",,,,,,,,,,,
SOLDADO DE LA INDEPENDENCIA,,,,,,,,,,,
SOLER,,,,,,,,,,,
"SOLIER, DANIEL DE, ALTE.",,,,,,,,,,,
SOLIS,,,,,,,,,,,
"SOLORZANO PEREIRA, JUAN DE",,,,,,,,,,,
SOMELLERA,,,,,,,,,,,
SORIA,,,,,,,,,,,
SORIA EZEQUIEL,,,,,,,,,,,
"SOURIGUES, CARLOS, CNEL.",,,,,,,,,,,
SPEGAZZINI CARLOS,,,,,,,,,,,
SPIKA ENRIQUE GRAL.,,,,,,,,,,,
"SPIRO, SAMUEL, CAPITAN",,,,,,,,,,,
STEPHENSON,,,,,,,,,,,
STORNI ALFONSINA,,,,,,,,,,,
"BATLLE Y ORDOÑEZ, JOSE P.T.",,,,,,,,,,,
SUAREZ,,,,,,,,,,,
SUAREZ AV.,,,,,,,,,,,
"SUAREZ, JOSE LEON",,,,,,,,,,,
"SUCRE, ANTONIO JOSE DE, MCAL.",,,,,,,,,,,
SUD AMERICA,,,,,,,,,,,
SUECIA,,,,,,,,,,,
SUIPACHA,,,,,,,,,,,
SUIZA,,,,,,,,,,,
PASAJE SUIZO (NO OFICIAL),,,,,,,,,,,
SUNCHALES,,,,,,,,,,,
SUPERI,,,,,,,,,,,
"SUSINI, ANTONIO, CNEL.",,,,,,,,,,,
"SAVIO, MANUEL N., GRAL.",,,,,,,,,,,
SUMACA ITATI,,,,,,,,,,,
SUMACA SANTISIMA TRINIDAD,,,,,,,,,,,
"SAMPERIO, MANUEL J.",,,,,,,,,,,
"SCALABRINI ORTIZ, RAUL",,,,,,,,,,,
"SCALABRINI ORTIZ, RAUL AV.",,,,,,,,,,,
SOLDADO DE LA FRONTERA AV.,,,,,,,,,,,
"SAGASTA ISLA, JOSE MARIA",,,,,,,,,,,
"SERRANO, ENRIQUE",,,,,,,,,,,
SANTIAGO DE COMPOSTELA AV.,,,,,,,,,,,
TABARE,,,,,,,,,,,
"TABORDA, DIOGENES",,,,,,,,,,,
TACUARA,,,,,,,,,,,
TACUARI,,,,,,,,,,,
TAFI,,,,,,,,,,,
TAGLE,,,,,,,,,,,
TALAVERA,,,,,,,,,,,
TALCAHUANO,,,,,,,,,,,
"TAMBORINI, JOSE PASCUAL",,,,,,,,,,,
TANDIL,,,,,,,,,,,
TAPALQUE,,,,,,,,,,,
TARIJA,,,,,,,,,,,
TARTAGAL PJE.,,,,,,,,,,,
TASSO,,,,,,,,,,,
"TEDIN, JUEZ",,,,,,,,,,,
TEGUCIGALPA,,,,,,,,,,,
TEJEDOR,,,,,,,,,,,
"DE LA TORRE, LISANDRO",,,,,,,,,,,
"DE LA TORRE, LISANDRO AV.",,,,,,,,,,,
TEMPERLEY,,,,,,,,,,,
TERRADA,,,,,,,,,,,
TERRERO,,,,,,,,,,,
"TERRY, JOSE A.",,,,,,,,,,,
THAMES,,,,,,,,,,,
THOME JUAN M.,,,,,,,,,,,
THOMPSON,,,,,,,,,,,
THORNE,,,,,,,,,,,
TIERRA DEL FUEGO,,,,,,,,,,,
TILCARA,,,,,,,,,,,
TILCARA AV.,,,,,,,,,,,
TIMBO,,,,,,,,,,,
TIMBUES,,,,,,,,,,,
TINOGASTA,,,,,,,,,,,
TOAY,,,,,,,,,,,
TOBAS,,,,,,,,,,,
TOKIO,,,,,,,,,,,
TOLEDO,,,,,,,,,,,
TOLL,,,,,,,,,,,
TONELERO,,,,,,,,,,,
"TORNQUIST, ERNESTO AV.",,,,,,,,,,,
TORRENT,,,,,,,,,,,
"TORRES Y TENORIO, PRES.",,,,,,,,,,,
TOSCANINI ARTURO,,,,,,,,,,,
TOTORAL,,,,,,,,,,,
TRAFUL,,,,,,,,,,,
TREINTA Y TRES ORIENTALES,,,,,,,,,,,
TREJO NEMESIO,,,,,,,,,,,
"TRELLES, MANUEL R.",,,,,,,,,,,
"TRELLES, MANUEL R. AV.",,,,,,,,,,,
TRENQUE LAUQUEN,,,,,,,,,,,
TRES ARROYOS,,,,,,,,,,,
3 DE FEBRERO,,,,,,,,,,,
TRES LOMAS,,,,,,,,,,,
TRES SARGENTOS,,,,,,,,,,,
TREVERIS,,,,,,,,,,,
TRIESTE,,,,,,,,,,,
TRIPOLI,,,,,,,,,,,
TRIUNVIRATO AV.,,,,,,,,,,,
TROLE,,,,,,,,,,,
TRONADOR,,,,,,,,,,,
TUCUMAN,,,,,,,,,,,
TUNEZ,,,,,,,,,,,
TUPAC AMARU,,,,,,,,,,,
TUPIZA PJE.,,,,,,,,,,,
TURIN,,,,,,,,,,,
TURQUIA,,,,,,,,,,,
TUYU,,,,,,,,,,,
TUYUTI,,,,,,,,,,,
UCACHA,,,,,,,,,,,
UKRANIA,,,,,,,,,,,
"UDAONDO, GUILLERMO AV.",,,,,,,,,,,
UGARTECHE,,,,,,,,,,,
"UNAMUNO, MIGUEL DE",,,,,,,,,,,
"JANER, ANA MARIA",,,,,,,,,,,
UNANUE,,,,,,,,,,,
"UNQUERA, BALTASAR DE",,,,,,,,,,,
URDANETA,,,,,,,,,,,
URDININEA,,,,,,,,,,,
URIARTE,,,,,,,,,,,
URIBURU,,,,,,,,,,,
"URIBURU JOSE E., PRES.",,,,,,,,,,,
URIEN,,,,,,,,,,,
"URQUIZA, GRAL.",,,,,,,,,,,
URUGUAY,,,,,,,,,,,
URUGUAY AV.,,,,,,,,,,,
URUNDAY,,,,,,,,,,,
USHUAIA PASAJE (PJE. PARTICULAR),,,,,,,,,,,
USPALLATA,,,,,,,,,,,
URTUBEY CLODOMIRO CDRO.,,,,,,,,,,,
"UGARTE, MANUEL",,,,,,,,,,,
"URIBURU, NAPOLEON, GRAL.",,,,,,,,,,,
VALDENEGRO,,,,,,,,,,,
VALDERRAMA,,,,,,,,,,,
"VALDIVIA, PEDRO DE",,,,,,,,,,,
VALENCIA,,,,,,,,,,,
"VALENCIA, TOMAS",,,,,,,,,,,
VALPARAISO,,,,,,,,,,,
VALLE,,,,,,,,,,,
VALLEJOS,,,,,,,,,,,
"VARAS, JOSE PEDRO",,,,,,,,,,,
VARELA,,,,,,,,,,,
VARELA AV.,,,,,,,,,,,
"VARELA, JACOBO ADRIAN",,,,,,,,,,,
"VARELA, JOSE PEDRO",,,,,,,,,,,
VARSOVIA,,,,,,,,,,,
VEDIA,,,,,,,,,,,
"VEDIA, AGUSTIN DE",,,,,,,,,,,
"VEDIA, ENRIQUE DE",,,,,,,,,,,
VEGA BELGRANO CARLOS,,,,,,,,,,,
"VEGA, NICETO, CNEL.",,,,,,,,,,,
"VEGA, NICETO, CNEL. AV.",,,,,,,,,,,
20 DE FEBRERO,,,,,,,,,,,
20 DE SETIEMBRE,,,,,,,,,,,
25 DE MAYO,,,,,,,,,,,
24 DE NOVIEMBRE,,,,,,,,,,,
27 DE FEBRERO AV.,,,,,,,,,,,
"VELARDE, PEDRO",,,,,,,,,,,
VELAZQUEZ,,,,,,,,,,,
"VELEZ, BERNARDO, DR.",,,,,,,,,,,
VELEZ SARSFIELD AV.,,,,,,,,,,,
VENECIA,,,,,,,,,,,
REPUBLICA BOLIVARIANA DE VENEZUELA,,,,,,,,,,,
VENIALVO,,,,,,,,,,,
VENTANA,,,,,,,,,,,
VERA,,,,,,,,,,,
VERACRUZ,,,,,,,,,,,
VERDAGUER JACINTO,,,,,,,,,,,
"VERDI, JOSE",,,,,,,,,,,
"LIBERTI, ANTONIO VESPUCIO (NO OFICIAL)",,,,,,,,,,,
VERNET AV.,,,,,,,,,,,
VERTIZ VIRREY AV.,,,,,,,,,,,
VESPUCIO,,,,,,,,,,,
"VIALE, LUIS",,,,,,,,,,,
VIAMONTE,,,,,,,,,,,
"VICTORICA, BENJAMIN, GENERAL, AV.",,,,,,,,,,,
VIDAL,,,,,,,,,,,
VIDAL EMERIC E.,,,,,,,,,,,
VIDELA CASTILLO,,,,,,,,,,,
"VIDELA, NICOLAS E.",,,,,,,,,,,
VIDT,,,,,,,,,,,
"VIEDMA, FRANCISCO DE",,,,,,,,,,,
VIEJOBUENO,,,,,,,,,,,
VIEL,,,,,,,,,,,
VIENA,,,,,,,,,,,
VIEYRA,,,,,,,,,,,
VIEYTES,,,,,,,,,,,
VIGO,,,,,,,,,,,
"VILARDEBO, TEODORO",,,,,,,,,,,
VILELA,,,,,,,,,,,
"VILLAFAÑE, BENJAMIN",,,,,,,,,,,
"VILLAFAÑE, WENCESLAO",,,,,,,,,,,
VILLA JUNCAL,,,,,,,,,,,
VILLANUEVA,,,,,,,,,,,
VILLARINO,,,,,,,,,,,
VILLARROEL,,,,,,,,,,,
VINCHINA,,,,,,,,,,,
"VINTTER, LORENZO, GENERAL",,,,,,,,,,,
VIRASORO,,,,,,,,,,,
"VIRASORO, VALENTIN",,,,,,,,,,,
PUENTE VIRGILIO (NO OFICIAL),,,,,,,,,,,
VIRGILIO,,,,,,,,,,,
VIRREYES,,,,,,,,,,,
VITTORIA FRANCISCO DE,,,,,,,,,,,
VOLTA,,,,,,,,,,,
VOLTAIRE,,,,,,,,,,,
"VUCETICH, JUAN",,,,,,,,,,,
VILLA DE MASNOU,,,,,,,,,,,
"VICTORICA, MIGUEL C.",,,,,,,,,,,
"VALLESE, FELIPE",,,,,,,,,,,
"VILLEGAS, CONRADO, GRAL.",,,,,,,,,,,
"VILA, NICOLAS",,,,,,,,,,,
"VILLAFLOR, AZUCENA",,,,,,,,,,,
"VERA PEÑALOZA,  ROSARIO",,,,,,,,,,,
WAGNER,,,,,,,,,,,
WARNES AV.,,,,,,,,,,,
WASHINGTON,,,,,,,,,,,
WILDE EDUARDO PJE.,,,,,,,,,,,
"WILLIAMS, ALBERTO",,,,,,,,,,,
WHITE,,,,,,,,,,,
ACCESO WILSON,,,,,,,,,,,
YAPEYU,,,,,,,,,,,
YATAY,,,,,,,,,,,
YERBAL,,,,,,,,,,,
YERUA,,,,,,,,,,,
"YRIGOYEN, HIPOLITO",,,,,,,,,,,
"YRIGOYEN, HIPOLITO AV.",,,,,,,,,,,
"YRURTIA, ROGELIO",,,,,,,,,,,
YUGOSLAVIA,,,,,,,,,,,
YRUPE,,,,,,,,,,,
ZABALA,,,,,,,,,,,
ZADO,,,,,,,,,,,
ZALDIVAR PEDRO F.,,,,,,,,,,,
ZAMUDIO,,,,,,,,,,,
ZAÑARTU,,,,,,,,,,,
ZAPALA,,,,,,,,,,,
ZAPATA,,,,,,,,,,,
ZAPIOLA,,,,,,,,,,,
ZARATE,,,,,,,,,,,
ZARRAGA,,,,,,,,,,,
ZAVALETA,,,,,,,,,,,
ZAVALIA,,,,,,,,,,,
"ZEBALLOS, ESTANISLAO S.",,,,,,,,,,,
ZELADA,,,,,,,,,,,
ZELARRAYAN,,,,,,,,,,,
ZELAYA,,,,,,,,,,,
ZEPITA,,,,,,,,,,,
"GARCIA GRANDE DE ZEQUEIRA, SEVERO",,,,,,,,,,,
ZINNY,,,,,,,,,,,
"ZOLA, EMILIO",,,,,,,,,,,
"ZOLEZZI, ANTONIO L.",,,,,,,,,,,
"ZUBERBUHLER, CARLOS E.",,,,,,,,,,,
ZURICH,,,,,,,,,,,
ZUVIRIA,,,,,,,,,,,
ZANNI PEDRO COMODORO,,,,,,,,,,,
SIN NOMBRE OFICIAL (ALT. MOZART 2400),,,,,,,,,,,
SIN NOMBRE OFICIAL (ALT. MOZART 2470),,,,,,,,,,,
SIN NOMBRE OFICIAL (ALT. MOZART 2700),,,,,,,,,,,
SIN NOMBRE OFICIAL (ALT. SARAZA 4200),,,,,,,,,,,
PJE (MOZART 2370),,,,,,,,,,,
"SIN NOMBRE OFICIAL (ALT. DELLEPIANE, LUIS, TTE. GRAL 4200)",,,,,,,,,,,
"SIN NOMBRE OFICIAL (ALT. DELLEPIANE, LUIS, TTE. GRAL 4210)",,,,,,,,,,,
SIN NOMBRE OFICIAL (ALT. MOZART 2300),,,,,,,,,,,
SIN NOMBRE OFICIAL (ALT. MOZART 2370),,,,,,,,,,,
SIN NOMBRE OFICIAL (ALT. SARAZA 4300),,,,,,,,,,,
SIN NOMBRE OFICIAL (ALT. SARAZA 4400),,,,,,,,,,,
SIN NOMBRE OFICIAL (ALT. NECOCHEA 200),,,,,,,,,,,
SIN NOMBRE OFICIAL (ALT. NECOCHEA 100),,,,,,,,,,,
SIN NOMBRE OFICIAL (ALT. MIN. BRIN 400),,,,,,,,,,,
SIN NOMBRE OFICIAL (ALT. MIN. BRIN 450),,,,,,,,,,,
"COOKE, JOHN W.",,,,,,,,,,,
"TROXLER, JULIO",,,,,,,,,,,
PJE (J.B. JUSTO 9100),,,,,,,,,,,
SIN NOMBRE OFICIAL (ALT. CASTAÑARES 4595),,,,,,,,,,,
SIN NOMBRE OFICIAL (ALT. CASTAÑARES 4653),,,,,,,,,,,
SIN NOMBRE OFICIAL (ALT. CASTAÑARES 4719),,,,,,,,,,,
SIN NOMBRE OFICIAL (ALT. CASTAÑARES 4951),,,,,,,,,,,
SIN NOMBRE OFICIAL (ALT. DELLEPIANE 4886),,,,,,,,,,,
SIN NOMBRE OFICIAL (ALT. DELLEPIANE 4990),,,,,,,,,,,
SIN NOMBRE OFICIAL (ALT. ESCALADA 2789 S),,,,,,,,,,,
CONTINUACION AV. COREA (SIN NOMBRE OFICIAL),,,,,,,,,,,
OCEANIA (NO OFICIAL),,,,,,,,,,,
SALVIGNY (NO OFICIAL),,,,,,,,,,,
SIN NOMBRE OFICIAL (ALT. AV EST. BONORINO 2100),,,,,,,,,,,
SIN NOMBRE OFICIAL (AV. COREA AL 1800),,,,,,,,,,,
SIN NOMBRE OFICIAL (BO. RIVADAVIA PASAJE 22),,,,,,,,,,,
SIN NOMBRE OFICIAL (SALE G.URIBURU 5865),,,,,,,,,,,
SIN NOMBRE OFICIAL (ALT. M. ACOSTA 3575),,,,,,,,,,,
"MOREAU DE JUSTO, ALICIA AV.",,,,,,,,,,,
MANSO JUANA,,,,,,,,,,,
GORRITI JUANA MANUELA,,,,,,,,,,,
"SANCHEZ DE THOMPSON, MARIQUITA",,,,,,,,,,,
SIN NOMBRE OFICIAL (ALT. PI Y MARGALL 900),,,,,,,,,,,
"ABDALA, GERMAN",,,,,,,,,,,
SIN NOMBRE OFICIAL (ALT. EDISON 2700),,,,,,,,,,,
DELPINI JOSE L ING.,,,,,,,,,,,
SIN NOMBRE OFICIAL (ALT. ESCALADA AL 4600),,,,,,,,,,,
SIN NOMBRE OFICIAL (ALT. ESCALADA AL 4700),,,,,,,,,,,
SIN NOMBRE OFICIAL (ALT. LARRAZABAL 5230),,,,,,,,,,,
SIN NOMBRE OFICIAL (ALT. CNEL.ROCA 4677),,,,,,,,,,,
SIN NOMBRE OFICIAL (ALT. LARRAZABAL 5270),,,,,,,,,,,
SIN NOMBRE OFICIAL (ALT. ESCALADA AL 4500),,,,,,,,,,,
SIN NOMBRE OFICIAL (ALT. LARRAZABAL 4700),,,,,,,,,,,
"AUBRUN, EMILIO",,,,,,,,,,,
SIN NOMBRE OFICIAL (ALT. CNEL.ROCA 5000),,,,,,,,,,,
SIN NOMBRE OFICIAL (AV. CNEL. ROCA 5300),,,,,,,,,,,
SIN NOMBRE OFICIAL (ALT. LARRAZABAL 4800,,,,,,,,,,,
SIN NOMBRE OFICIAL (ALT. LARRAZABAL 5260),,,,,,,,,,,
SIN NOMBRE OFICIAL (AV. CNEL. ROCA 5437),,,,,,,,,,,
SIN NOMBRE OFICIAL (ALT. LARRAZABAL 5200),,,,,,,,,,,
ORDOÑEZ,,,,,,,,,,,
SIN NOMBRE OFICIAL (ALT. AV.COREA AL 1900),,,,,,,,,,,
SIN NOMBRE OFICIAL (ALT. SARAZA AL 4200),,,,,,,,,,,
SIN NOMBRE OFICIAL (ALT. E.PERON AL 6550),,,,,,,,,,,
ZUVIRIA (NO OFICIAL),,,,,,,,,,,
"ESPORA, TOMAS, CORONEL DE MARINA",,,,,,,,,,,
SIN NOMBRE OFICIAL (ALT. L.P.BUENA 3200),,,,,,,,,,,
SIN NOMBRE OFICIAL (ALT. E.PERON AL 6600),,,,,,,,,,,
PADRE CARLOS MUGICA,,,,,,,,,,,
"KAVANAGH, CORINA",,,,,,,,,,,
"ROMERO, FRANCISCO",,,,,,,,,,,
"FELS, PABLO T.,CABO",,,,,,,,,,,
"PERETTE, CARLOS H.",,,,,,,,,,,
PREFECTURA NAVAL ARGENTINA,,,,,,,,,,,
CALLE 7 (NO OFICIAL),,,,,,,,,,,
CALLE 9 (NO OFICIAL),,,,,,,,,,,
CALLE 12 (NO OFICIAL),,,,,,,,,,,
LETONIA,,,,,,,,,,,
"RIVAS, JOAQUIN, ALFEREZ DE FRAGATA",,,,,,,,,,,
PASILLO 1 MANZANA 53 (NO OFICIAL),,,,,,,,,,,
ASTURIAS AV (NO OFICIAL),,,,,,,,,,,
PADRE DANIEL DE LA SIERRA PASEO,,,,,,,,,,,
PASILLO MANZANAS 21-22 (NO OFICIAL),,,,,,,,,,,
PASAJE L,,,,,,,,,,,
LA LOMA (NO OFICIAL),,,,,,,,,,,
PASILLO SIN NOMBRE OFICIAL (ALT. ZAVALETA 1101),,,,,,,,,,,
PASILLO SIN NOMBRE OFICIAL CONTINUACION ZAVALETA,,,,,,,,,,,
PASAJE LA JAULITA,,,,,,,,,,,
SAN JUAN (NO OFICIAL),,,,,,,,,,,
LA COMUNIDAD ORGANIZADA,,,,,,,,,,,
CROVARA,,,,,,,,,,,
SOMELLERA (NO OFICIAL),,,,,,,,,,,
SIN FRONTERAS (NO OFICIAL),,,,,,,,,,,
CONTINUACION PLUMERILLO (NO OFICIAL),,,,,,,,,,,
SIN NOMBRE OFICIAL (ALT RIESTRA 2480),,,,,,,,,,,
PASILLO MANZANAS 20-21 (NO OFICIAL),,,,,,,,,,,
PASAJE TERESA DE CALCUTA,,,,,,,,,,,
14 DE SEPTIEMBRE (NO OFICIAL),,,,,,,,,,,
PASAJE 27 DE MAYO,,,,,,,,,,,
PASILLO SIN NOMBRE OFICIAL (ALT. OSVALDO CRUZ 3750),,,,,,,,,,,
PASILLO ALT. OSVALDO CRUZ 3475 (NO OFICIAL),,,,,,,,,,,
PASILLO MANZANA 57 (NO OFICIAL),,,,,,,,,,,
SANTA RITA,,,,,,,,,,,
PASILLO MANZANA ALEGRE PAVIMENTO (NO OFICIAL),,,,,,,,,,,
PASILLO MANZANAS 12-13 (NO OFICIAL),,,,,,,,,,,
PASILLO SIN NOMBRE OFICIAL (ALT. OSVALDO CRUZ 3651),,,,,,,,,,,
PASILLO SIN NOMBRE OFICIAL (ALT. OSVALDO CRUZ 3770),,,,,,,,,,,
PASILLO SIN NOMBRE OFICIAL (ALT. OSVALDO CRUZ 3730),,,,,,,,,,,
BOLIVAR (NO OFICIAL),,,,,,,,,,,
CALLE MANZANAS 21-22 (NO OFICIAL),,,,,,,,,,,
PASILLO MANZANA 56 BIS (NO OFICIAL),,,,,,,,,,,
PASILLO SIN NOMBRE OFICIAL (ALT. OSVALDO CRUZ 3671),,,,,,,,,,,
CALLE MANZANAS 52A-52B (NO OFICIAL),,,,,,,,,,,
8 DE DICIEMBRE,,,,,,,,,,,
SAN JORGE (NO OFICIAL),,,,,,,,,,,
PASAJE LA ESPERANZA,,,,,,,,,,,
PASAJE BARRIO FÁTIMA (NO OFICIAL),,,,,,,,,,,
PASAJE PADRE BERNAZA,,,,,,,,,,,
PASILLO MANZANAS 24-25 (NO OFICIAL),,,,,,,,,,,
CRISTANIA,,,,,,,,,,,
PASAJE MANZANA 3 (NO OFICIAL),,,,,,,,,,,
SIN NOMBRE OFICIAL (ALT. ZAVALETA 1331),,,,,,,,,,,
PASILLO MANZANA 56 (NO OFICIAL),,,,,,,,,,,
PASAJE UNIDAD,,,,,,,,,,,
PASILLO 2 MANZANA 53 (NO OFICIAL),,,,,,,,,,,
CALLE KEVIN (NO OFICIAL),,,,,,,,,,,
PASILLO SIN NOMBRE OFICIAL MANZANAS 54-58,,,,,,,,,,,
PASAJE BARRIO FATIMA (NO OFICIAL),,,,,,,,,,,
PASAJE HEBE SAN MARTIN DE DUPRAT,,,,,,,,,,,
PASAJE DE LOS SUEÑOS,,,,,,,,,,,
PASAJE DE LOS TRABAJADORES,,,,,,,,,,,
PUENTE PEATONAL MIRALLA,,,,,,,,,,,
PUENTE PEATONAL CORVALAN,,,,,,,,,,,
"ESCALADA, CELEDONIO CMTE. (NO OFICIAL)",,,,,,,,,,,
PASAJE LATINOAMERICANO,,,,,,,,,,,
PASAJE MERCOSUR,,,,,,,,,,,
PASAJE PANAMERICANO,,,,,,,,,,,
"TORRES, FRANCISCO",,,,,,,,,,,
PASAJE EL ENCUENTRO,,,,,,,,,,,
PASAJE ESPERANZA,,,,,,,,,,,
SIN NOMBRE OFICIAL (MARIANO ACOSTA 2500),,,,,,,,,,,
"FAVALORO, RENE DR.",,,,,,,,,,,
PUENTE PEATONAL,,,,,,,,,,,
"BENITEZ, JULIO OMAR, CABO 1º",,,,,,,,,,,
"LOPEZ, JORGE EDUARDO, CABO 2º",,,,,,,,,,,
"ESTEVEZ, ROBERTO NESTOR, TENIENTE 1º",,,,,,,,,,,
"LOREA, ISIDRO AV.",,,,,,,,,,,
"WALSH, RODOLFO",,,,,,,,,,,
AUTOPISTA ARTURO ILLIA,,,,,,,,,,,
"SOTO, ANTONIO",,,,,,,,,,,
SIN NOMBRE OFICIAL (ALT. TORRES Y TENORIO 2600),,,,,,,,,,,
SIN NOMBRE OFICIAL (ALT. TORRES Y TENORIO 2500),,,,,,,,,,,
SIN NOMBRE OFICIAL (ALT. SARAZA 6400),,,,,,,,,,,
SIN NOMBRE OFICIAL (ALT.  SANTANDER 6200),,,,,,,,,,,
"SIN NOMBRE OFICIAL (ALT. RIVADAVIA, AV. 4500)",,,,,,,,,,,
SIN NOMBRE OFICIAL (ALT. MOZART 2050),,,,,,,,,,,
SIN NOMBRE OFICIAL (ALT. DELLEPIANE 4888),,,,,,,,,,,
SIN NOMBRE OFICIAL (ALT. CHARRUA 2300),,,,,,,,,,,
SIN NOMBRE OFICIAL (ALT. CASTAÑARES 3450),,,,,,,,,,,
SIN NOMBRE OFICIAL (ALT. 20 DE SEPTIEMBRE 200),,,,,,,,,,,
"SEMIZA, BENIMIANO",,,,,,,,,,,
"REARTE, GUSTAVO",,,,,,,,,,,
"PENELON, JOSE",,,,,,,,,,,
"DI PASCUALE, JORGE",,,,,,,,,,,
"CAFRUNE, JORGE",,,,,,,,,,,
AUTOPISTA DELLEPIANE LUIS TTE. GRAL.,,,,,,,,,,,
SIN NOMBRE OFICIAL (VILLA 31),,,,,,,,,,,
SIN NOMBRE OFICIAL (BO. RIVADAVIA PASAJE 9),,,,,,,,,,,
SIN NOMBRE OFICIAL (BO. RIVADAVIA PASAJE 8),,,,,,,,,,,
SIN NOMBRE OFICIAL (BO. RIVADAVIA PASAJE 7),,,,,,,,,,,
SIN NOMBRE OFICIAL (BO. RIVADAVIA PASAJE 6),,,,,,,,,,,
SIN NOMBRE OFICIAL (BO. RIVADAVIA PASAJE 5),,,,,,,,,,,
SIN NOMBRE OFICIAL (BO. RIVADAVIA PASAJE 4),,,,,,,,,,,
SIN NOMBRE OFICIAL (BO. RIVADAVIA PASAJE 3),,,,,,,,,,,
SIN NOMBRE OFICIAL (BO. RIVADAVIA PASAJE 29),,,,,,,,,,,
SIN NOMBRE OFICIAL (BO. RIVADAVIA PASAJE 28),,,,,,,,,,,
SIN NOMBRE OFICIAL (BO. RIVADAVIA PASAJE 27),,,,,,,,,,,
SIN NOMBRE OFICIAL (BO. RIVADAVIA PASAJE 26),,,,,,,,,,,
SIN NOMBRE OFICIAL (BO. RIVADAVIA PASAJE 25),,,,,,,,,,,
SIN NOMBRE OFICIAL (BO. RIVADAVIA PASAJE 24),,,,,,,,,,,
SIN NOMBRE OFICIAL (BO. RIVADAVIA PASAJE 23),,,,,,,,,,,
SIN NOMBRE OFICIAL (BO. RIVADAVIA PASAJE 21),,,,,,,,,,,
SIN NOMBRE OFICIAL (BO. RIVADAVIA PASAJE 20),,,,,,,,,,,
SIN NOMBRE OFICIAL (BO. RIVADAVIA PASAJE 2),,,,,,,,,,,
SIN NOMBRE OFICIAL (BO. RIVADAVIA PASAJE 19),,,,,,,,,,,
SIN NOMBRE OFICIAL (BO. RIVADAVIA PASAJE 18),,,,,,,,,,,
SIN NOMBRE OFICIAL (BO. RIVADAVIA PASAJE 17),,,,,,,,,,,
SIN NOMBRE OFICIAL (BO. RIVADAVIA PASAJE 16),,,,,,,,,,,
SIN NOMBRE OFICIAL (BO. RIVADAVIA PASAJE 15),,,,,,,,,,,
SIN NOMBRE OFICIAL (BO. RIVADAVIA PASAJE 14),,,,,,,,,,,
SIN NOMBRE OFICIAL (BO. RIVADAVIA PASAJE 13),,,,,,,,,,,
SIN NOMBRE OFICIAL (BO. RIVADAVIA PASAJE 12),,,,,,,,,,,
SIN NOMBRE OFICIAL (BO. RIVADAVIA PASAJE 11),,,,,,,,,,,
SIN NOMBRE OFICIAL (BO. RIVADAVIA PASAJE 10),,,,,,,,,,,
SIN NOMBRE OFICIAL (BO. RIVADAVIA PASAJE 1),,,,,,,,,,,
SIN NOMBRE OFICIAL (ALT. LAUTARO 1800),,,,,,,,,,,
"MORTZ, ALBERTO",,,,,,,,,,,
SIN NOMBRE OFICIAL (ALT. AV ESCALADA 2850),,,,,,,,,,,
SIN NOMBRE OFICIAL (ALT. AV ESCALADA 2750),,,,,,,,,,,
SIN NOMBRE OFICIAL (ALT. AV CASTAÑARES 3500),,,,,,,,,,,
SAN PEDRO DE JUJUY (NO OFICIAL),,,,,,,,,,,
SIN NOMBRE OFICIAL (ALT. AV RAFAEL OBLIGADO 1170),,,,,,,,,,,
SIN NOMBRE OFICIAL (ALT. SALGUERO 3510),,,,,,,,,,,
"BALIÑA, PEDRO, DR.",,,,,,,,,,,
PASAJE K,,,,,,,,,,,
DEL PALO SANTO,,,,,,,,,,,
PUENTE CABALLITO,,,,,,,,,,,
LOS CEDROS,,,,,,,,,,,
PASAJE C,,,,,,,,,,,
"PETTORUTI, EMILIO (NO OFICIAL)",,,,,,,,,,,
CALLE 10 (NO OFICIAL),,,,,,,,,,,
PASAJE B,,,,,,,,,,,
COLECTORA AUTOPISTA ARTURO ILLIA,,,,,,,,,,,
AUTOPISTA PERITO MORENO,,,,,,,,,,,
"ZABALA, JOAQUIN, DR.",,,,,,,,,,,
CALZADA CIRCULAR PLAZA DE LOS CONGRESOS,,,,,,,,,,,
AUTOPISTA 1 SUR PRESIDENTE ARTURO FRONDIZI,,,,,,,,,,,
PASAJE G,,,,,,,,,,,
PASAJE H,,,,,,,,,,,
"PUPILLO, LIBORIO, PASEO",,,,,,,,,,,
ACCESO MAIPU,,,,,,,,,,,
PUENTE DE LA MUJER,,,,,,,,,,,
PUENTE NICOLAS AVELLANEDA,,,,,,,,,,,
PASAJE J,,,,,,,,,,,
"LANGER, MARIE",,,,,,,,,,,
O'GORMAN CAMILA,,,,,,,,,,,
PASAJE A,,,,,,,,,,,
LOS EUCALIPTOS,,,,,,,,,,,
PASEO DE LOS ARTISTAS,,,,,,,,,,,
AUTOPISTA BUENOS AIRES - LA PLATA,,,,,,,,,,,
DEL ANGEL GRIS (NO OFICIAL),,,,,,,,,,,
LOS ROBLES,,,,,,,,,,,
PASAJE F,,,,,,,,,,,
"AZUL, PASAJE",,,,,,,,,,,
CALLE 14 (NO OFICIAL),,,,,,,,,,,
AUTOPISTA PRESIDENTE HÉCTOR J. CÁMPORA,,,,,,,,,,,
PASAJE I,,,,,,,,,,,
LOLA MORA,,,,,,,,,,,
LA KANTUTA,,,,,,,,,,,
LOS OLMOS,,,,,,,,,,,
CALZADA CIRCULAR PLAZA ITALIA,,,,,,,,,,,
AUTOPISTA 25 DE MAYO,,,,,,,,,,,
BLANCO (NO OFICIAL),,,,,,,,,,,
CALLE 13 (NO OFICIAL),,,,,,,,,,,
PADRE VICENTE RIGONI (NO OFICIAL),,,,,,,,,,,
D'ARIENZO JUAN,,,,,,,,,,,
PASAJE D,,,,,,,,,,,
ACCESO NORTE - PANAMERICANA,,,,,,,,,,,
"GIACCHINO, PEDRO E., CAPITÁN DE FRAGATA",,,,,,,,,,,
PASAJE E,,,,,,,,,,,
"COLOMBO, CARLOS AMBROSIO",,,,,,,,,,,
LOS ÁLAMOS,,,,,,,,,,,
LOS TILOS,,,,,,,,,,,
JUAN XXIII,,,,,,,,,,,
"BEMBERG, MARIA LUISA",,,,,,,,,,,
"DEL CARRIL, HUGO",,,,,,,,,,,
